From;To;Distance;Duration;Indice
3423909;3423909;0.00;0:00;3423909-3423909
3423909;3403208;207.27;2:16;3423909-3403208
3423909;3424402;176.73;2:00;3423909-3424402
3423909;2301;59.80;0:45;3423909-2301
3423909;2302;58.21;0:49;3423909-2302
3423909;2303;58.45;0:49;3423909-2303
3423909;2304;69.89;0:49;3423909-2304
3423909;2305;71.63;0:51;3423909-2305
3423909;2306;60.78;0:45;3423909-2306
3423909;2307;51.38;0:40;3423909-2307
3423909;2308;72.84;0:54;3423909-2308
3423909;2309;85.74;1:00;3423909-2309
3423909;2310;102.00;1:21;3423909-2310
3423909;2311;71.79;0:50;3423909-2311
3423909;2312;174.41;2:02;3423909-2312
3423909;2313;187.78;2:08;3423909-2313
3423909;2314;184.15;2:04;3423909-2314
3423909;2315;187.95;2:11;3423909-2315
3423909;2316;186.44;2:10;3423909-2316
3423909;2317;188.26;2:08;3423909-2317
3423909;2318;196.49;2:14;3423909-2318
3423909;2319;96.05;1:07;3423909-2319
3423909;2320;91.48;1:04;3423909-2320
3423909;2321;92.09;1:06;3423909-2321
3423909;2322;96.79;1:09;3423909-2322
3423909;2323;99.37;1:14;3423909-2323
3423909;2324;101.02;1:16;3423909-2324
3423909;2325;106.17;1:15;3423909-2325
3423909;2326;91.91;1:03;3423909-2326
3423909;2327;107.49;1:16;3423909-2327
3423909;2328;108.47;1:26;3423909-2328
3423909;2329;116.52;1:34;3423909-2329
3423909;2330;161.45;1:48;3423909-2330
3423909;2331;88.34;1:06;3423909-2331
3423909;2332;95.27;1:10;3423909-2332
3423909;2333;117.42;1:27;3423909-2333
3423909;2334;85.96;1:04;3423909-2334
3423909;2335;84.84;1:01;3423909-2335
3423909;2336;168.82;1:55;3423909-2336
3423909;2337;167.04;1:53;3423909-2337
3423909;2338;164.79;1:49;3423909-2338
3423909;2339;231.43;2:39;3423909-2339
3423909;2340;235.12;2:44;3423909-2340
3423909;2341;214.84;2:30;3423909-2341
3423909;2342;208.08;2:20;3423909-2342
3423909;2343;239.86;2:44;3423909-2343
3423909;2344;43.03;0:40;3423909-2344
3423909;2345;45.73;0:45;3423909-2345
3423909;2346;39.84;0:37;3423909-2346
3423909;2347;263.41;2:42;3423909-2347
3423909;2348;278.15;2:53;3423909-2348
3423909;2349;267.25;2:47;3423909-2349
3423909;2350;252.79;2:38;3423909-2350
3423909;2351;250.38;2:37;3423909-2351
3403208;3423909;206.87;2:17;3403208-3423909
3403208;3403208;0.00;0:00;3403208-3403208
3403208;3424402;320.05;3:22;3403208-3424402
3403208;2301;193.41;2:09;3403208-2301
3403208;2302;183.49;2:04;3403208-2302
3403208;2303;187.61;2:10;3403208-2303
3403208;2304;179.27;1:58;3403208-2304
3403208;2305;180.70;2:00;3403208-2305
3403208;2306;194.19;2:08;3403208-2306
3403208;2307;184.31;2:02;3403208-2307
3403208;2308;196.97;2:10;3403208-2308
3403208;2309;151.34;1:42;3403208-2309
3403208;2310;270.93;2:59;3403208-2310
3403208;2311;138.69;1:32;3403208-2311
3403208;2312;319.73;3:24;3403208-2312
3403208;2313;331.91;3:30;3403208-2313
3403208;2314;328.47;3:26;3403208-2314
3403208;2315;332.27;3:33;3403208-2315
3403208;2316;330.76;3:32;3403208-2316
3403208;2317;332.58;3:30;3403208-2317
3403208;2318;340.81;3:36;3403208-2318
3403208;2319;265.02;2:46;3403208-2319
3403208;2320;267.21;2:49;3403208-2320
3403208;2321;267.14;2:51;3403208-2321
3403208;2322;265.92;2:51;3403208-2322
3403208;2323;275.52;3:00;3403208-2323
3403208;2324;276.17;3:02;3403208-2324
3403208;2325;286.27;3:02;3403208-2325
3403208;2326;271.48;2:50;3403208-2326
3403208;2327;287.06;3:03;3403208-2327
3403208;2328;285.42;3:11;3403208-2328
3403208;2329;289.78;3:18;3403208-2329
3403208;2330;304.13;3:32;3403208-2330
3403208;2331;270.61;2:55;3403208-2331
3403208;2332;264.66;2:50;3403208-2332
3403208;2333;285.39;3:06;3403208-2333
3403208;2334;258.03;2:54;3403208-2334
3403208;2335;270.97;2:53;3403208-2335
3403208;2336;49.66;0:40;3403208-2336
3403208;2337;47.12;0:36;3403208-2337
3403208;2338;45.58;0:34;3403208-2338
3403208;2339;375.75;4:01;3403208-2339
3403208;2340;379.44;4:06;3403208-2340
3403208;2341;359.72;3:52;3403208-2341
3403208;2342;353.14;3:42;3403208-2342
3403208;2343;384.92;4:06;3403208-2343
3403208;2344;242.61;2:46;3403208-2344
3403208;2345;245.28;2:50;3403208-2345
3403208;2346;239.91;2:42;3403208-2346
3403208;2347;86.35;0:59;3403208-2347
3403208;2348;101.14;1:10;3403208-2348
3403208;2349;90.37;1:04;3403208-2349
3403208;2350;125.08;1:33;3403208-2350
3403208;2351;125.99;1:31;3403208-2351
3424402;3423909;175.31;2:02;3424402-3423909
3424402;3403208;321.94;3:20;3424402-3403208
3424402;3424402;0.00;0:00;3424402-3424402
3424402;2301;145.92;1:36;3424402-2301
3424402;2302;141.78;1:37;3424402-2302
3424402;2303;141.15;1:38;3424402-2303
3424402;2304;146.35;1:33;3424402-2304
3424402;2305;147.08;1:36;3424402-2305
3424402;2306;138.65;1:36;3424402-2306
3424402;2307;146.97;1:42;3424402-2307
3424402;2308;137.47;1:30;3424402-2308
3424402;2309;175.85;1:54;3424402-2309
3424402;2310;88.09;1:17;3424402-2310
3424402;2311;208.58;2:12;3424402-2311
3424402;2312;4.19;0:10;3424402-2312
3424402;2313;16.78;0:18;3424402-2313
3424402;2314;12.15;0:14;3424402-2314
3424402;2315;16.95;0:21;3424402-2315
3424402;2316;14.44;0:20;3424402-2316
3424402;2317;16.26;0:18;3424402-2317
3424402;2318;24.49;0:24;3424402-2318
3424402;2319;83.09;1:05;3424402-2319
3424402;2320;95.55;1:15;3424402-2320
3424402;2321;94.48;1:17;3424402-2321
3424402;2322;89.61;1:15;3424402-2322
3424402;2323;102.86;1:26;3424402-2323
3424402;2324;103.51;1:28;3424402-2324
3424402;2325;106.14;1:32;3424402-2325
3424402;2326;107.28;1:23;3424402-2326
3424402;2327;108.26;1:31;3424402-2327
3424402;2328;97.05;1:31;3424402-2328
3424402;2329;93.29;1:24;3424402-2329
3424402;2330;95.03;1:07;3424402-2330
3424402;2331;100.16;1:23;3424402-2331
3424402;2332;91.21;1:13;3424402-2332
3424402;2333;75.33;1:02;3424402-2333
3424402;2334;107.97;1:27;3424402-2334
3424402;2335;108.75;1:26;3424402-2335
3424402;2336;283.49;3:00;3424402-2336
3424402;2337;281.71;2:58;3424402-2337
3424402;2338;278.46;2:54;3424402-2338
3424402;2339;59.43;0:49;3424402-2339
3424402;2340;63.12;0:54;3424402-2340
3424402;2341;43.34;0:40;3424402-2341
3424402;2342;37.08;0:31;3424402-2342
3424402;2343;68.36;0:54;3424402-2343
3424402;2344;178.58;2:12;3424402-2344
3424402;2345;180.28;2:16;3424402-2345
3424402;2346;174.39;2:08;3424402-2346
3424402;2347;357.01;3:36;3424402-2347
3424402;2348;372.06;3:48;3424402-2348
3424402;2349;362.16;3:42;3424402-2349
3424402;2350;404.44;4:10;3424402-2350
3424402;2351;403.03;4:09;3424402-2351
2301;3423909;57.41;0:41;2301-3423909
2301;3403208;191.63;2:02;2301-3403208
2301;3424402;140.38;1:30;2301-3424402
2301;2301;0.00;0:00;2301-2301
2301;2302;8.76;0:18;2301-2302
2301;2303;3.65;0:11;2301-2303
2301;2304;21.75;0:18;2301-2304
2301;2305;22.48;0:20;2301-2305
2301;2306;4.88;0:08;2301-2306
2301;2307;14.93;0:15;2301-2307
2301;2308;16.63;0:18;2301-2308
2301;2309;46.54;0:37;2301-2309
2301;2310;86.59;1:08;2301-2310
2301;2311;82.15;0:49;2301-2311
2301;2312;139.06;1:32;2301-2312
2301;2313;151.43;1:38;2301-2313
2301;2314;148.68;1:34;2301-2314
2301;2315;152.16;1:41;2301-2315
2301;2316;150.09;1:39;2301-2316
2301;2317;152.91;1:38;2301-2317
2301;2318;160.14;1:43;2301-2318
2301;2319;81.68;0:55;2301-2319
2301;2320;83.87;0:59;2301-2320
2301;2321;83.28;1:01;2301-2321
2301;2322;81.58;1:00;2301-2322
2301;2323;91.18;1:09;2301-2323
2301;2324;92.83;1:12;2301-2324
2301;2325;102.93;1:11;2301-2325
2301;2326;87.14;0:59;2301-2326
2301;2327;103.72;1:12;2301-2327
2301;2328;101.86;1:20;2301-2328
2301;2329;105.44;1:28;2301-2329
2301;2330;120.79;1:42;2301-2330
2301;2331;86.27;1:04;2301-2331
2301;2332;80.32;1:00;2301-2332
2301;2333;102.05;1:16;2301-2333
2301;2334;74.69;1:03;2301-2334
2301;2335;86.63;1:02;2301-2335
2301;2336;153.18;1:42;2301-2336
2301;2337;151.94;1:40;2301-2337
2301;2338;149.15;1:36;2301-2338
2301;2339;195.08;2:09;2301-2339
2301;2340;199.77;2:14;2301-2340
2301;2341;179.05;2:00;2301-2341
2301;2342;173.73;1:50;2301-2342
2301;2343;204.25;2:14;2301-2343
2301;2344;93.64;1:09;2301-2344
2301;2345;95.34;1:14;2301-2345
2301;2346;89.45;1:06;2301-2346
2301;2347;228.47;2:19;2301-2347
2301;2348;243.75;2:30;2301-2348
2301;2349;232.85;2:24;2301-2349
2301;2350;272.63;2:55;2301-2350
2301;2351;272.21;2:53;2301-2351
2302;3423909;55.29;0:44;2302-3423909
2302;3403208;180.56;2:00;2302-3403208
2302;3424402;138.53;1:32;2302-3424402
2302;2301;8.46;0:17;2302-2301
2302;2302;0.00;0:00;2302-2302
2302;2303;5.98;0:13;2302-2303
2302;2304;7.97;0:11;2302-2304
2302;2305;9.37;0:14;2302-2305
2302;2306;12.76;0:20;2302-2306
2302;2307;8.51;0:14;2302-2307
2302;2308;11.29;0:17;2302-2308
2302;2309;35.51;0:34;2302-2309
2302;2310;92.44;1:17;2302-2310
2302;2311;69.84;0:49;2302-2311
2302;2312;137.21;1:35;2302-2312
2302;2313;149.58;1:41;2302-2313
2302;2314;146.95;1:36;2302-2314
2302;2315;150.75;1:44;2302-2315
2302;2316;148.24;1:42;2302-2316
2302;2317;150.06;1:41;2302-2317
2302;2318;158.29;1:46;2302-2318
2302;2319;87.53;1:04;2302-2319
2302;2320;90.72;1:07;2302-2320
2302;2321;89.65;1:09;2302-2321
2302;2322;87.43;1:08;2302-2322
2302;2323;97.03;1:17;2302-2323
2302;2324;98.68;1:20;2302-2324
2302;2325;108.78;1:20;2302-2325
2302;2326;94.99;1:08;2302-2326
2302;2327;109.57;1:20;2302-2327
2302;2328;107.71;1:29;2302-2328
2302;2329;112.29;1:36;2302-2329
2302;2330;126.64;1:50;2302-2330
2302;2331;92.12;1:13;2302-2331
2302;2332;87.17;1:08;2302-2332
2302;2333;110.26;1:23;2302-2333
2302;2334;80.54;1:11;2302-2334
2302;2335;92.48;1:10;2302-2335
2302;2336;142.15;1:39;2302-2336
2302;2337;140.37;1:37;2302-2337
2302;2338;137.12;1:33;2302-2338
2302;2339;193.23;2:12;2302-2339
2302;2340;197.92;2:17;2302-2340
2302;2341;177.12;2:03;2302-2341
2302;2342;171.88;1:53;2302-2342
2302;2343;202.14;2:17;2302-2343
2302;2344;91.52;1:13;2302-2344
2302;2345;94.22;1:17;2302-2345
2302;2346;88.33;1:09;2302-2346
2302;2347;217.67;2:16;2302-2347
2302;2348;231.72;2:27;2302-2348
2302;2349;221.82;2:21;2302-2349
2302;2350;261.27;2:52;2302-2350
2302;2351;261.18;2:50;2302-2351
2303;3423909;60.99;0:45;2303-3423909
2303;3403208;188.22;2:05;2303-3403208
2303;3424402;138.84;1:34;2303-3424402
2303;2301;3.16;0:09;2303-2301
2303;2302;5.35;0:13;2303-2302
2303;2303;0.00;0:00;2303-2303
2303;2304;19.21;0:22;2303-2304
2303;2305;20.94;0:25;2303-2305
2303;2306;7.46;0:12;2303-2306
2303;2307;9.41;0:16;2303-2307
2303;2308;11.45;0:20;2303-2308
2303;2309;43.13;0:39;2303-2309
2303;2310;89.17;1:13;2303-2310
2303;2311;85.73;0:53;2303-2311
2303;2312;137.52;1:36;2303-2312
2303;2313;150.89;1:42;2303-2313
2303;2314;146.26;1:38;2303-2314
2303;2315;150.06;1:45;2303-2315
2303;2316;148.55;1:44;2303-2316
2303;2317;150.37;1:42;2303-2317
2303;2318;158.76;1:48;2303-2318
2303;2319;84.26;1:00;2303-2319
2303;2320;86.45;1:03;2303-2320
2303;2321;86.38;1:05;2303-2321
2303;2322;84.16;1:04;2303-2322
2303;2323;94.76;1:13;2303-2323
2303;2324;95.41;1:16;2303-2324
2303;2325;105.51;1:16;2303-2325
2303;2326;90.72;1:03;2303-2326
2303;2327;106.43;1:16;2303-2327
2303;2328;104.44;1:25;2303-2328
2303;2329;108.02;1:32;2303-2329
2303;2330;123.37;1:46;2303-2330
2303;2331;89.85;1:08;2303-2331
2303;2332;83.79;1:04;2303-2332
2303;2333;104.63;1:20;2303-2333
2303;2334;77.27;1:07;2303-2334
2303;2335;89.21;1:06;2303-2335
2303;2336;150.77;1:44;2303-2336
2303;2337;148.99;1:42;2303-2337
2303;2338;145.74;1:38;2303-2338
2303;2339;193.54;2:13;2303-2339
2303;2340;197.23;2:18;2303-2340
2303;2341;177.51;2:04;2303-2341
2303;2342;171.19;1:54;2303-2342
2303;2343;202.71;2:18;2303-2343
2303;2344;96.22;1:13;2303-2344
2303;2345;98.92;1:18;2303-2345
2303;2346;92.03;1:10;2303-2346
2303;2347;225.29;2:21;2303-2347
2303;2348;239.34;2:32;2303-2348
2303;2349;229.44;2:26;2303-2349
2303;2350;269.89;2:57;2303-2350
2303;2351;268.98;2:55;2303-2351
2304;3423909;67.56;0:46;2304-3423909
2304;3403208;177.12;1:52;2304-3403208
2304;3424402;145.42;1:31;2304-3424402
2304;2301;21.14;0:19;2304-2301
2304;2302;7.52;0:11;2304-2302
2304;2303;23.93;0:23;2304-2303
2304;2304;0.00;0:00;2304-2304
2304;2305;1.55;0:04;2304-2305
2304;2306;23.88;0:20;2304-2306
2304;2307;22.71;0:20;2304-2307
2304;2308;21.34;0:20;2304-2308
2304;2309;32.03;0:26;2304-2309
2304;2310;108.93;1:18;2304-2310
2304;2311;65.76;0:44;2304-2311
2304;2312;143.71;1:33;2304-2312
2304;2313;156.47;1:40;2304-2313
2304;2314;153.84;1:35;2304-2314
2304;2315;156.64;1:42;2304-2315
2304;2316;155.13;1:41;2304-2316
2304;2317;157.95;1:40;2304-2317
2304;2318;165.18;1:45;2304-2318
2304;2319;103.02;1:04;2304-2319
2304;2320;106.21;1:08;2304-2320
2304;2321;105.14;1:10;2304-2321
2304;2322;103.92;1:09;2304-2322
2304;2323;113.52;1:18;2304-2323
2304;2324;114.17;1:21;2304-2324
2304;2325;124.27;1:20;2304-2325
2304;2326;110.48;1:08;2304-2326
2304;2327;125.06;1:21;2304-2327
2304;2328;123.82;1:29;2304-2328
2304;2329;128.78;1:37;2304-2329
2304;2330;142.13;1:51;2304-2330
2304;2331;108.61;1:13;2304-2331
2304;2332;103.66;1:09;2304-2332
2304;2333;117.15;1:22;2304-2333
2304;2334;96.03;1:12;2304-2334
2304;2335;108.97;1:11;2304-2335
2304;2336;139.67;1:32;2304-2336
2304;2337;137.89;1:30;2304-2337
2304;2338;134.64;1:26;2304-2338
2304;2339;200.12;2:10;2304-2339
2304;2340;204.81;2:16;2304-2340
2304;2341;183.09;2:02;2304-2341
2304;2342;177.77;1:52;2304-2342
2304;2343;208.29;2:15;2304-2343
2304;2344;102.79;1:14;2304-2344
2304;2345;105.49;1:18;2304-2345
2304;2346;99.66;1:11;2304-2346
2304;2347;214.19;2:08;2304-2347
2304;2348;228.24;2:20;2304-2348
2304;2349;218.34;2:14;2304-2349
2304;2350;258.79;2:45;2304-2350
2304;2351;258.17;2:43;2304-2351
2305;3423909;68.76;0:48;2305-3423909
2305;3403208;178.32;1:55;2305-3403208
2305;3424402;146.62;1:34;2305-3424402
2305;2301;22.34;0:21;2305-2301
2305;2302;8.72;0:13;2305-2302
2305;2303;25.13;0:26;2305-2303
2305;2304;1.16;0:02;2305-2304
2305;2305;0.00;0:00;2305-2305
2305;2306;24.08;0:23;2305-2306
2305;2307;23.93;0:23;2305-2307
2305;2308;22.54;0:22;2305-2308
2305;2309;33.23;0:29;2305-2309
2305;2310;110.13;1:20;2305-2310
2305;2311;66.96;0:46;2305-2311
2305;2312;144.93;1:36;2305-2312
2305;2313;157.67;1:42;2305-2313
2305;2314;154.04;1:38;2305-2314
2305;2315;157.84;1:45;2305-2315
2305;2316;156.33;1:44;2305-2316
2305;2317;158.15;1:42;2305-2317
2305;2318;166.38;1:48;2305-2318
2305;2319;104.22;1:07;2305-2319
2305;2320;107.41;1:10;2305-2320
2305;2321;106.34;1:12;2305-2321
2305;2322;105.12;1:12;2305-2322
2305;2323;114.72;1:21;2305-2323
2305;2324;115.37;1:23;2305-2324
2305;2325;126.47;1:23;2305-2325
2305;2326;111.68;1:11;2305-2326
2305;2327;127.26;1:24;2305-2327
2305;2328;125.04;1:32;2305-2328
2305;2329;129.98;1:39;2305-2329
2305;2330;144.33;1:54;2305-2330
2305;2331;109.81;1:16;2305-2331
2305;2332;104.86;1:12;2305-2332
2305;2333;118.35;1:24;2305-2333
2305;2334;97.23;1:15;2305-2334
2305;2335;110.17;1:14;2305-2335
2305;2336;140.87;1:34;2305-2336
2305;2337;138.09;1:32;2305-2337
2305;2338;136.84;1:28;2305-2338
2305;2339;201.32;2:13;2305-2339
2305;2340;205.01;2:18;2305-2340
2305;2341;184.29;2:04;2305-2341
2305;2342;178.97;1:54;2305-2342
2305;2343;209.49;2:18;2305-2343
2305;2344;104.99;1:17;2305-2344
2305;2345;106.69;1:21;2305-2345
2305;2346;100.88;1:13;2305-2346
2305;2347;215.39;2:11;2305-2347
2305;2348;230.44;2:22;2305-2348
2305;2349;219.54;2:17;2305-2349
2305;2350;259.99;2:47;2305-2350
2305;2351;259.39;2:46;2305-2351
2306;3423909;60.01;0:43;2306-3423909
2306;3403208;194.32;2:04;2306-3403208
2306;3424402;142.22;1:30;2306-3424402
2306;2301;4.36;0:09;2306-2301
2306;2302;12.26;0:21;2306-2302
2306;2303;7.15;0:13;2306-2303
2306;2304;22.59;0:18;2306-2304
2306;2305;24.32;0:21;2306-2305
2306;2306;0.00;0:00;2306-2306
2306;2307;17.62;0:17;2306-2307
2306;2308;18.14;0:18;2306-2308
2306;2309;49.23;0:39;2306-2309
2306;2310;82.97;1:09;2306-2310
2306;2311;84.84;0:51;2306-2311
2306;2312;140.79;1:32;2306-2312
2306;2313;153.27;1:39;2306-2313
2306;2314;150.64;1:34;2306-2314
2306;2315;153.44;1:42;2306-2315
2306;2316;152.93;1:40;2306-2316
2306;2317;154.75;1:38;2306-2317
2306;2318;162.98;1:44;2306-2318
2306;2319;77.06;0:56;2306-2319
2306;2320;80.25;1:00;2306-2320
2306;2321;79.18;1:01;2306-2321
2306;2322;78.96;1:01;2306-2322
2306;2323;87.56;1:10;2306-2323
2306;2324;88.21;1:12;2306-2324
2306;2325;99.31;1:12;2306-2325
2306;2326;84.52;1:00;2306-2326
2306;2327;100.01;1:13;2306-2327
2306;2328;98.24;1:21;2306-2328
2306;2329;102.82;1:28;2306-2329
2306;2330;117.17;1:43;2306-2330
2306;2331;82.65;1:05;2306-2331
2306;2332;77.37;1:01;2306-2332
2306;2333;98.43;1:16;2306-2333
2306;2334;70.07;1:04;2306-2334
2306;2335;83.01;1:03;2306-2335
2306;2336;156.87;1:44;2306-2336
2306;2337;154.09;1:42;2306-2337
2306;2338;151.84;1:38;2306-2338
2306;2339;197.92;2:10;2306-2339
2306;2340;201.61;2:15;2306-2340
2306;2341;180.89;2:01;2306-2341
2306;2342;174.57;1:51;2306-2342
2306;2343;205.09;2:14;2306-2343
2306;2344;95.33;1:11;2306-2344
2306;2345;98.03;1:16;2306-2345
2306;2346;92.14;1:08;2306-2346
2306;2347;231.39;2:21;2306-2347
2306;2348;245.44;2:32;2306-2348
2306;2349;235.54;2:26;2306-2349
2306;2350;275.99;2:57;2306-2350
2306;2351;275.09;2:55;2306-2351
2307;3423909;47.06;0:34;2307-3423909
2307;3403208;184.96;2:00;2307-3403208
2307;3424402;152.42;1:39;2307-3424402
2307;2301;15.94;0:19;2307-2301
2307;2302;8.98;0:18;2307-2302
2307;2303;8.04;0:19;2307-2303
2307;2304;23.03;0:22;2307-2304
2307;2305;25.76;0:25;2307-2305
2307;2306;16.72;0:18;2307-2306
2307;2307;0.00;0:00;2307-2307
2307;2308;16.87;0:27;2307-2308
2307;2309;39.87;0:34;2307-2309
2307;2310;89.32;1:07;2307-2310
2307;2311;72.31;0:43;2307-2311
2307;2312;150.91;1:41;2307-2312
2307;2313;163.47;1:48;2307-2313
2307;2314;160.84;1:43;2307-2314
2307;2315;163.64;1:50;2307-2315
2307;2316;162.13;1:49;2307-2316
2307;2317;164.95;1:48;2307-2317
2307;2318;172.18;1:53;2307-2318
2307;2319;84.41;0:53;2307-2319
2307;2320;86.56;0:57;2307-2320
2307;2321;85.53;0:59;2307-2321
2307;2322;84.31;0:58;2307-2322
2307;2323;93.91;1:07;2307-2323
2307;2324;95.56;1:10;2307-2324
2307;2325;105.66;1:09;2307-2325
2307;2326;90.87;0:57;2307-2326
2307;2327;106.45;1:10;2307-2327
2307;2328;104.59;1:18;2307-2328
2307;2329;108.17;1:26;2307-2329
2307;2330;123.52;1:40;2307-2330
2307;2331;89.10;1:02;2307-2331
2307;2332;83.05;0:58;2307-2332
2307;2333;104.78;1:14;2307-2333
2307;2334;77.42;1:01;2307-2334
2307;2335;89.36;1:00;2307-2335
2307;2336;146.51;1:39;2307-2336
2307;2337;144.73;1:37;2307-2337
2307;2338;141.48;1:34;2307-2338
2307;2339;207.12;2:19;2307-2339
2307;2340;211.81;2:24;2307-2340
2307;2341;190.09;2:10;2307-2341
2307;2342;184.77;2:00;2307-2342
2307;2343;215.29;2:23;2307-2343
2307;2344;83.29;1:03;2307-2344
2307;2345;85.99;1:07;2307-2345
2307;2346;80.01;0:59;2307-2346
2307;2347;221.03;2:16;2307-2347
2307;2348;235.08;2:27;2307-2348
2307;2349;225.18;2:22;2307-2349
2307;2350;265.63;2:52;2307-2350
2307;2351;265.54;2:50;2307-2351
2308;3423909;70.71;0:52;2308-3423909
2308;3403208;192.43;2:04;2308-3403208
2308;3424402;140.69;1:32;2308-3424402
2308;2301;16.41;0:19;2308-2301
2308;2302;11.29;0:20;2308-2302
2308;2303;11.66;0:21;2308-2303
2308;2304;16.84;0:17;2308-2304
2308;2305;18.57;0:20;2308-2305
2308;2306;18.15;0:21;2308-2306
2308;2307;16.48;0:25;2308-2307
2308;2308;0.00;0:00;2308-2308
2308;2309;46.34;0:38;2308-2309
2308;2310;100.89;1:20;2308-2310
2308;2311;79.07;0:56;2308-2311
2308;2312;138.37;1:34;2308-2312
2308;2313;151.74;1:40;2308-2313
2308;2314;148.11;1:36;2308-2314
2308;2315;151.91;1:43;2308-2315
2308;2316;150.04;1:42;2308-2316
2308;2317;151.22;1:40;2308-2317
2308;2318;159.45;1:46;2308-2318
2308;2319;94.98;1:07;2308-2319
2308;2320;97.17;1:11;2308-2320
2308;2321;96.91;1:12;2308-2321
2308;2322;95.88;1:12;2308-2322
2308;2323;104.48;1:21;2308-2323
2308;2324;106.13;1:23;2308-2324
2308;2325;116.23;1:23;2308-2325
2308;2326;101.44;1:11;2308-2326
2308;2327;117.02;1:24;2308-2327
2308;2328;115.16;1:32;2308-2328
2308;2329;119.74;1:39;2308-2329
2308;2330;134.09;1:54;2308-2330
2308;2331;100.57;1:16;2308-2331
2308;2332;94.62;1:12;2308-2332
2308;2333;111.42;1:22;2308-2333
2308;2334;87.99;1:15;2308-2334
2308;2335;100.93;1:14;2308-2335
2308;2336;153.98;1:44;2308-2336
2308;2337;152.12;1:42;2308-2337
2308;2338;149.95;1:38;2308-2338
2308;2339;195.39;2:11;2308-2339
2308;2340;199.08;2:16;2308-2340
2308;2341;178.36;2:02;2308-2341
2308;2342;172.04;1:52;2308-2342
2308;2343;203.56;2:16;2308-2343
2308;2344;106.94;1:21;2308-2344
2308;2345;109.64;1:25;2308-2345
2308;2346;103.75;1:17;2308-2346
2308;2347;228.65;2:20;2308-2347
2308;2348;243.55;2:32;2308-2348
2308;2349;233.65;2:26;2308-2349
2308;2350;272.81;2:57;2308-2350
2308;2351;272.01;2:55;2308-2351
2309;3423909;82.64;0:58;2309-3423909
2309;3403208;150.87;1:40;2309-3403208
2309;3424402;174.13;1:53;2309-3424402
2309;2301;47.49;0:40;2309-2301
2309;2302;37.57;0:34;2309-2302
2309;2303;41.69;0:41;2309-2303
2309;2304;33.35;0:28;2309-2304
2309;2305;34.08;0:31;2309-2305
2309;2306;48.27;0:39;2309-2306
2309;2307;38.18;0:32;2309-2307
2309;2308;50.05;0:41;2309-2308
2309;2309;0.00;0:00;2309-2309
2309;2310;124.01;1:30;2309-2310
2309;2311;39.44;0:33;2309-2311
2309;2312;172.81;1:55;2309-2312
2309;2313;185.18;2:01;2309-2313
2309;2314;182.55;1:57;2309-2314
2309;2315;186.35;2:04;2309-2315
2309;2316;184.84;2:03;2309-2316
2309;2317;186.66;2:01;2309-2317
2309;2318;194.89;2:07;2309-2318
2309;2319;119.11;1:17;2309-2319
2309;2320;121.29;1:20;2309-2320
2309;2321;121.22;1:22;2309-2321
2309;2322;119.40;1:22;2309-2322
2309;2323;129.06;1:30;2309-2323
2309;2324;130.25;1:33;2309-2324
2309;2325;140.35;1:33;2309-2325
2309;2326;125.56;1:20;2309-2326
2309;2327;141.14;1:34;2309-2327
2309;2328;139.28;1:42;2309-2328
2309;2329;143.86;1:49;2309-2329
2309;2330;158.21;2:03;2309-2330
2309;2331;124.69;1:26;2309-2331
2309;2332;118.74;1:21;2309-2332
2309;2333;139.47;1:37;2309-2333
2309;2334;112.11;1:24;2309-2334
2309;2335;124.05;1:23;2309-2335
2309;2336;112.42;1:19;2309-2336
2309;2337;110.64;1:17;2309-2337
2309;2338;107.39;1:13;2309-2338
2309;2339;229.83;2:32;2309-2339
2309;2340;233.52;2:37;2309-2340
2309;2341;212.98;2:23;2309-2341
2309;2342;207.48;2:13;2309-2342
2309;2343;238.00;2:37;2309-2343
2309;2344;118.87;1:26;2309-2344
2309;2345;121.57;1:31;2309-2345
2309;2346;115.68;1:23;2309-2346
2309;2347;187.94;1:56;2309-2347
2309;2348;201.99;2:07;2309-2348
2309;2349;191.09;2:02;2309-2349
2309;2350;231.54;2:32;2309-2350
2309;2351;231.45;2:30;2309-2351
2310;3423909;99.98;1:16;2310-3423909
2310;3403208;269.97;2:53;2310-3403208
2310;3424402;82.56;1:12;2310-3424402
2310;2301;85.81;1:08;2310-2301
2310;2302;91.77;1:15;2310-2302
2310;2303;88.89;1:12;2310-2303
2310;2304;103.95;1:16;2310-2304
2310;2305;104.68;1:19;2310-2305
2310;2306;81.34;1:06;2310-2306
2310;2307;89.31;1:07;2310-2307
2310;2308;98.85;1:16;2310-2308
2310;2309;123.88;1:27;2310-2309
2310;2310;0.00;0:00;2310-2310
2310;2311;151.92;1:37;2310-2311
2310;2312;81.24;1:14;2310-2312
2310;2313;94.61;1:21;2310-2313
2310;2314;90.98;1:16;2310-2314
2310;2315;94.78;1:24;2310-2315
2310;2316;92.27;1:22;2310-2316
2310;2317;94.09;1:21;2310-2317
2310;2318;102.32;1:26;2310-2318
2310;2319;7.89;0:18;2310-2319
2310;2320;19.22;0:29;2310-2320
2310;2321;18.15;0:30;2310-2321
2310;2322;11.05;0:26;2310-2322
2310;2323;26.53;0:39;2310-2323
2310;2324;27.18;0:42;2310-2324
2310;2325;30.81;0:45;2310-2325
2310;2326;31.95;0:36;2310-2326
2310;2327;32.93;0:44;2310-2327
2310;2328;27.78;0:51;2310-2328
2310;2329;27.03;0:48;2310-2329
2310;2330;42.59;1:06;2310-2330
2310;2331;24.83;0:37;2310-2331
2310;2332;14.19;0:27;2310-2332
2310;2333;8.07;0:21;2310-2333
2310;2334;31.64;0:40;2310-2334
2310;2335;32.42;0:39;2310-2335
2310;2336;230.52;2:32;2310-2336
2310;2337;229.74;2:30;2310-2337
2310;2338;226.49;2:27;2310-2338
2310;2339;137.26;1:52;2310-2339
2310;2340;141.95;1:57;2310-2340
2310;2341;121.23;1:43;2310-2341
2310;2342;115.91;1:33;2310-2342
2310;2343;146.43;1:56;2310-2343
2310;2344;102.25;1:26;2310-2344
2310;2345;104.95;1:30;2310-2345
2310;2346;98.06;1:22;2310-2346
2310;2347;305.04;3:09;2310-2347
2310;2348;320.09;3:20;2310-2348
2310;2349;310.19;3:15;2310-2349
2310;2350;329.11;3:24;2310-2350
2310;2351;327.27;3:23;2310-2351
2311;3423909;68.84;0:50;2311-3423909
2311;3403208;137.11;1:31;2311-3403208
2311;3424402;206.88;2:12;2311-3424402
2311;2301;82.33;0:54;2311-2301
2311;2302;68.98;0:52;2311-2302
2311;2303;71.19;0:58;2311-2303
2311;2304;65.02;0:47;2311-2304
2311;2305;66.75;0:50;2311-2305
2311;2306;83.11;0:54;2311-2306
2311;2307;69.52;0:50;2311-2307
2311;2308;82.72;1:00;2311-2308
2311;2309;40.51;0:35;2311-2309
2311;2310;150.38;1:41;2311-2310
2311;2311;0.00;0:00;2311-2311
2311;2312;205.48;2:14;2311-2312
2311;2313;218.85;2:20;2311-2313
2311;2314;214.22;2:15;2311-2314
2311;2315;218.02;2:23;2311-2315
2311;2316;216.51;2:21;2311-2316
2311;2317;218.33;2:20;2311-2317
2311;2318;226.56;2:25;2311-2318
2311;2319;145.47;1:28;2311-2319
2311;2320;148.66;1:31;2311-2320
2311;2321;147.59;1:33;2311-2321
2311;2322;145.37;1:32;2311-2322
2311;2323;155.97;1:41;2311-2323
2311;2324;156.62;1:44;2311-2324
2311;2325;166.72;1:44;2311-2325
2311;2326;152.93;1:32;2311-2326
2311;2327;167.51;1:44;2311-2327
2311;2328;165.65;1:53;2311-2328
2311;2329;170.23;2:00;2311-2329
2311;2330;184.58;2:14;2311-2330
2311;2331;150.06;1:37;2311-2331
2311;2332;145.11;1:32;2311-2332
2311;2333;166.84;1:48;2311-2333
2311;2334;138.48;1:35;2311-2334
2311;2335;150.42;1:34;2311-2335
2311;2336;99.66;1:10;2311-2336
2311;2337;97.88;1:08;2311-2337
2311;2338;94.63;1:04;2311-2338
2311;2339;261.85;2:51;2311-2339
2311;2340;265.19;2:56;2311-2340
2311;2341;245.47;2:42;2311-2341
2311;2342;239.15;2:32;2311-2342
2311;2343;270.67;2:56;2311-2343
2311;2344;104.07;1:18;2311-2344
2311;2345;107.77;1:23;2311-2345
2311;2346;101.88;1:15;2311-2346
2311;2347;198.45;2:01;2311-2347
2311;2348;213.45;2:12;2311-2348
2311;2349;203.16;2:07;2311-2349
2311;2350;217.78;2:23;2311-2350
2311;2351;217.69;2:21;2311-2351
2312;3423909;172.51;2:00;2312-3423909
2312;3403208;317.14;3:18;2312-3403208
2312;3424402;5.51;0:13;2312-3424402
2312;2301;141.12;1:33;2312-2301
2312;2302;137.98;1:35;2312-2302
2312;2303;137.35;1:36;2312-2303
2312;2304;142.55;1:31;2312-2304
2312;2305;144.28;1:34;2312-2305
2312;2306;135.85;1:33;2312-2306
2312;2307;142.17;1:40;2312-2307
2312;2308;134.67;1:28;2312-2308
2312;2309;172.05;1:52;2312-2309
2312;2310;84.29;1:15;2312-2310
2312;2311;205.78;2:10;2312-2311
2312;2312;0.00;0:00;2312-2312
2312;2313;17.52;0:21;2312-2313
2312;2314;14.89;0:17;2312-2314
2312;2315;17.69;0:24;2312-2315
2312;2316;16.18;0:23;2312-2316
2312;2317;18.20;0:21;2312-2317
2312;2318;26.23;0:27;2312-2318
2312;2319;79.61;1:03;2312-2319
2312;2320;91.75;1:13;2312-2320
2312;2321;91.68;1:15;2312-2321
2312;2322;85.81;1:13;2312-2322
2312;2323;99.06;1:23;2312-2323
2312;2324;100.71;1:26;2312-2324
2312;2325;102.34;1:30;2312-2325
2312;2326;104.48;1:20;2312-2326
2312;2327;104.46;1:29;2312-2327
2312;2328;93.25;1:29;2312-2328
2312;2329;109.41;1:20;2312-2329
2312;2330;90.05;1:04;2312-2330
2312;2331;96.36;1:21;2312-2331
2312;2332;88.41;1:11;2312-2332
2312;2333;72.53;1:00;2312-2333
2312;2334;103.17;1:24;2312-2334
2312;2335;104.95;1:24;2312-2335
2312;2336;279.69;2:58;2312-2336
2312;2337;277.91;2:55;2312-2337
2312;2338;274.66;2:52;2312-2338
2312;2339;61.17;0:52;2312-2339
2312;2340;65.86;0:58;2312-2340
2312;2341;44.14;0:43;2312-2341
2312;2342;38.82;0:34;2312-2342
2312;2343;69.34;0:57;2312-2343
2312;2344;174.78;2:10;2312-2344
2312;2345;177.48;2:14;2312-2345
2312;2346;171.59;2:06;2312-2346
2312;2347;354.21;3:34;2312-2347
2312;2348;369.26;3:45;2312-2348
2312;2349;358.36;3:40;2312-2349
2312;2350;401.64;4:08;2312-2350
2312;2351;399.23;4:07;2312-2351
2313;3423909;181.33;2:03;2313-3423909
2313;3403208;327.96;3:21;2313-3403208
2313;3424402;12.62;0:14;2313-3424402
2313;2301;151.94;1:36;2313-2301
2313;2302;147.68;1:38;2313-2302
2313;2303;147.17;1:38;2313-2303
2313;2304;152.37;1:34;2313-2304
2313;2305;153.91;1:37;2313-2305
2313;2306;145.67;1:36;2313-2306
2313;2307;152.99;1:43;2313-2307
2313;2308;144.49;1:31;2313-2308
2313;2309;182.87;1:55;2313-2309
2313;2310;94.11;1:18;2313-2310
2313;2311;215.16;2:12;2313-2311
2313;2312;15.09;0:20;2313-2312
2313;2313;0.00;0:00;2313-2313
2313;2314;3.97;0:06;2313-2314
2313;2315;7.93;0:14;2313-2315
2313;2316;5.26;0:12;2313-2316
2313;2317;1.17;0:03;2313-2317
2313;2318;15.47;0:17;2313-2318
2313;2319;89.92;1:06;2313-2319
2313;2320;101.57;1:16;2313-2320
2313;2321;101.05;1:18;2313-2321
2313;2322;95.63;1:16;2313-2322
2313;2323;109.88;1:26;2313-2323
2313;2324;110.53;1:29;2313-2324
2313;2325;112.16;1:32;2313-2325
2313;2326;114.23;1:24;2313-2326
2313;2327;114.28;1:32;2313-2327
2313;2328;103.07;1:32;2313-2328
2313;2329;99.31;1:24;2313-2329
2313;2330;101.05;1:08;2313-2330
2313;2331;106.18;1:24;2313-2331
2313;2332;98.23;1:14;2313-2332
2313;2333;82.35;1:02;2313-2333
2313;2334;113.99;1:27;2313-2334
2313;2335;114.77;1:26;2313-2335
2313;2336;289.51;3:00;2313-2336
2313;2337;287.73;2:58;2313-2337
2313;2338;284.48;2:55;2313-2338
2313;2339;50.41;0:42;2313-2339
2313;2340;54.81;0:47;2313-2340
2313;2341;34.38;0:33;2313-2341
2313;2342;28.06;0:24;2313-2342
2313;2343;59.58;0:47;2313-2343
2313;2344;184.46;2:13;2313-2344
2313;2345;187.13;2:17;2313-2345
2313;2346;181.41;2:09;2313-2346
2313;2347;364.03;3:37;2313-2347
2313;2348;378.08;3:48;2313-2348
2313;2349;368.18;3:43;2313-2349
2313;2350;411.46;4:11;2313-2350
2313;2351;409.05;4:10;2313-2351
2314;3423909;184.32;2:06;2314-3423909
2314;3403208;330.95;3:24;2314-3403208
2314;3424402;15.19;0:16;2314-3424402
2314;2301;154.93;1:39;2314-2301
2314;2302;150.79;1:40;2314-2302
2314;2303;150.16;1:41;2314-2303
2314;2304;155.36;1:36;2314-2304
2314;2305;156.09;1:39;2314-2305
2314;2306;147.66;1:39;2314-2306
2314;2307;155.98;1:45;2314-2307
2314;2308;146.48;1:33;2314-2308
2314;2309;184.86;1:58;2314-2309
2314;2310;97.61;1:21;2314-2310
2314;2311;217.59;2:15;2314-2311
2314;2312;18.08;0:22;2314-2312
2314;2313;3.68;0:05;2314-2313
2314;2314;0.00;0:00;2314-2314
2314;2315;3.85;0:08;2314-2315
2314;2316;4.22;0:09;2314-2316
2314;2317;3.16;0:05;2314-2317
2314;2318;11.42;0:12;2314-2318
2314;2319;92.91;1:08;2314-2319
2314;2320;104.56;1:18;2314-2320
2314;2321;103.49;1:20;2314-2321
2314;2322;98.62;1:18;2314-2322
2314;2323;111.87;1:29;2314-2323
2314;2324;112.52;1:31;2314-2324
2314;2325;115.15;1:35;2314-2325
2314;2326;117.29;1:26;2314-2326
2314;2327;117.27;1:34;2314-2327
2314;2328;106.06;1:34;2314-2328
2314;2329;102.53;1:27;2314-2329
2314;2330;104.04;1:10;2314-2330
2314;2331;109.17;1:26;2314-2331
2314;2332;100.22;1:16;2314-2332
2314;2333;84.34;1:05;2314-2333
2314;2334;116.98;1:30;2314-2334
2314;2335;117.76;1:29;2314-2335
2314;2336;292.25;3:03;2314-2336
2314;2337;290.72;3:01;2314-2337
2314;2338;287.47;2:57;2314-2338
2314;2339;46.36;0:38;2314-2339
2314;2340;50.05;0:43;2314-2340
2314;2341;30.33;0:29;2314-2341
2314;2342;24.01;0:19;2314-2342
2314;2343;55.53;0:43;2314-2343
2314;2344;187.59;2:15;2314-2344
2314;2345;189.29;2:20;2314-2345
2314;2346;183.94;2:12;2314-2346
2314;2347;367.02;3:40;2314-2347
2314;2348;381.07;3:51;2314-2348
2314;2349;371.17;3:45;2314-2349
2314;2350;414.45;4:14;2314-2350
2314;2351;412.04;4:12;2314-2351
2315;3423909;185.04;2:10;2315-3423909
2315;3403208;331.67;3:28;2315-3403208
2315;3424402;16.91;0:21;2315-3424402
2315;2301;155.65;1:43;2315-2301
2315;2302;151.51;1:45;2315-2302
2315;2303;151.88;1:45;2315-2303
2315;2304;156.08;1:41;2315-2304
2315;2305;157.81;1:44;2315-2305
2315;2306;148.38;1:43;2315-2306
2315;2307;156.27;1:50;2315-2307
2315;2308;147.92;1:38;2315-2308
2315;2309;185.58;2:02;2315-2309
2315;2310;98.82;1:25;2315-2310
2315;2311;218.31;2:19;2315-2311
2315;2312;19.48;0:27;2315-2312
2315;2313;4.24;0:10;2315-2313
2315;2314;3.94;0:09;2315-2314
2315;2315;0.00;0:00;2315-2315
2315;2316;1.77;0:06;2315-2316
2315;2317;4.78;0:10;2315-2317
2315;2318;13.24;0:19;2315-2318
2315;2319;93.63;1:13;2315-2319
2315;2320;105.28;1:23;2315-2320
2315;2321;104.21;1:25;2315-2321
2315;2322;99.34;1:23;2315-2322
2315;2323;112.59;1:33;2315-2323
2315;2324;113.24;1:36;2315-2324
2315;2325;116.87;1:39;2315-2325
2315;2326;118.01;1:30;2315-2326
2315;2327;118.99;1:39;2315-2327
2315;2328;107.78;1:39;2315-2328
2315;2329;103.02;1:31;2315-2329
2315;2330;105.76;1:14;2315-2330
2315;2331;110.89;1:31;2315-2331
2315;2332;101.94;1:21;2315-2332
2315;2333;85.06;1:09;2315-2333
2315;2334;117.37;1:34;2315-2334
2315;2335;118.48;1:34;2315-2335
2315;2336;293.22;3:07;2315-2336
2315;2337;291.44;3:05;2315-2337
2315;2338;288.19;3:02;2315-2338
2315;2339;48.28;0:44;2315-2339
2315;2340;52.97;0:50;2315-2340
2315;2341;32.25;0:36;2315-2341
2315;2342;26.93;0:26;2315-2342
2315;2343;57.45;0:49;2315-2343
2315;2344;188.31;2:20;2315-2344
2315;2345;190.01;2:24;2315-2345
2315;2346;184.12;2:16;2315-2346
2315;2347;367.74;3:44;2315-2347
2315;2348;382.79;3:55;2315-2348
2315;2349;372.89;3:50;2315-2349
2315;2350;415.17;4:18;2315-2350
2315;2351;413.76;4:17;2315-2351
2316;3423909;185.52;2:09;2316-3423909
2316;3403208;331.15;3:27;2316-3403208
2316;3424402;16.39;0:19;2316-3424402
2316;2301;155.13;1:42;2316-2301
2316;2302;151.99;1:44;2316-2302
2316;2303;151.36;1:44;2316-2303
2316;2304;155.56;1:40;2316-2304
2316;2305;157.29;1:42;2316-2305
2316;2306;148.86;1:42;2316-2306
2316;2307;156.18;1:49;2316-2307
2316;2308;147.68;1:37;2316-2308
2316;2309;185.06;2:01;2316-2309
2316;2310;98.33;1:24;2316-2310
2316;2311;218.79;2:18;2316-2311
2316;2312;19.28;0:26;2316-2312
2316;2313;3.88;0:08;2316-2313
2316;2314;3.33;0:07;2316-2314
2316;2315;1.39;0:07;2316-2315
2316;2316;0.00;0:00;2316-2316
2316;2317;4.36;0:08;2316-2317
2316;2318;13.82;0:18;2316-2318
2316;2319;93.11;1:12;2316-2319
2316;2320;105.76;1:22;2316-2320
2316;2321;104.69;1:23;2316-2321
2316;2322;99.82;1:22;2316-2322
2316;2323;112.07;1:32;2316-2323
2316;2324;113.72;1:34;2316-2324
2316;2325;115.35;1:38;2316-2325
2316;2326;117.49;1:29;2316-2326
2316;2327;118.47;1:37;2316-2327
2316;2328;107.26;1:38;2316-2328
2316;2329;103.25;1:30;2316-2329
2316;2330;104.24;1:13;2316-2330
2316;2331;110.37;1:30;2316-2331
2316;2332;101.42;1:20;2316-2332
2316;2333;85.54;1:08;2316-2333
2316;2334;117.18;1:33;2316-2334
2316;2335;117.96;1:32;2316-2335
2316;2336;292.97;3:06;2316-2336
2316;2337;291.92;3:04;2316-2337
2316;2338;288.67;3:00;2316-2338
2316;2339;48.76;0:43;2316-2339
2316;2340;52.45;0:48;2316-2340
2316;2341;31.73;0:34;2316-2341
2316;2342;25.41;0:24;2316-2342
2316;2343;56.93;0:48;2316-2343
2316;2344;187.79;2:18;2316-2344
2316;2345;190.49;2:23;2316-2345
2316;2346;184.66;2:15;2316-2346
2316;2347;367.22;3:43;2316-2347
2316;2348;382.27;3:54;2316-2348
2316;2349;372.37;3:49;2316-2349
2316;2350;414.65;4:17;2316-2350
2316;2351;413.24;4:15;2316-2351
2317;3423909;181.74;2:01;2317-3423909
2317;3403208;326.37;3:19;2317-3403208
2317;3424402;11.61;0:12;2317-3424402
2317;2301;150.35;1:34;2317-2301
2317;2302;146.21;1:36;2317-2302
2317;2303;146.58;1:37;2317-2303
2317;2304;151.78;1:32;2317-2304
2317;2305;153.51;1:35;2317-2305
2317;2306;144.08;1:34;2317-2306
2317;2307;151.64;1:41;2317-2307
2317;2308;143.29;1:29;2317-2308
2317;2309;181.28;1:54;2317-2309
2317;2310;93.52;1:16;2317-2310
2317;2311;214.01;2:11;2317-2311
2317;2312;14.85;0:18;2317-2312
2317;2313;1.34;0:06;2317-2313
2317;2314;3.38;0:04;2317-2314
2317;2315;6.34;0:12;2317-2315
2317;2316;4.67;0:10;2317-2316
2317;2317;0.00;0:00;2317-2317
2317;2318;14.88;0:15;2317-2318
2317;2319;88.33;1:04;2317-2319
2317;2320;100.98;1:14;2317-2320
2317;2321;100.91;1:16;2317-2321
2317;2322;94.04;1:14;2317-2322
2317;2323;108.29;1:24;2317-2323
2317;2324;109.94;1:27;2317-2324
2317;2325;111.57;1:31;2317-2325
2317;2326;113.71;1:22;2317-2326
2317;2327;113.69;1:30;2317-2327
2317;2328;102.48;1:30;2317-2328
2317;2329;98.72;1:23;2317-2329
2317;2330;100.46;1:06;2317-2330
2317;2331;105.59;1:22;2317-2331
2317;2332;97.64;1:12;2317-2332
2317;2333;81.76;1:01;2317-2333
2317;2334;112.74;1:26;2317-2334
2317;2335;113.18;1:25;2317-2335
2317;2336;288.92;2:59;2317-2336
2317;2337;286.14;2:56;2317-2337
2317;2338;283.89;2:53;2317-2338
2317;2339;49.82;0:40;2317-2339
2317;2340;53.51;0:46;2317-2340
2317;2341;33.79;0:31;2317-2341
2317;2342;27.47;0:22;2317-2342
2317;2343;58.99;0:45;2317-2343
2317;2344;183.01;2:11;2317-2344
2317;2345;186.71;2:15;2317-2345
2317;2346;180.82;2:07;2317-2346
2317;2347;363.44;3:36;2317-2347
2317;2348;378.49;3:47;2317-2348
2317;2349;367.59;3:41;2317-2349
2317;2350;410.87;4:09;2317-2350
2317;2351;408.46;4:08;2317-2351
2318;3423909;193.85;2:14;2318-3423909
2318;3403208;339.48;3:32;2318-3403208
2318;3424402;24.72;0:24;2318-3424402
2318;2301;163.46;1:47;2318-2301
2318;2302;159.32;1:49;2318-2302
2318;2303;159.69;1:49;2318-2303
2318;2304;164.89;1:45;2318-2304
2318;2305;165.62;1:47;2318-2305
2318;2306;156.19;1:47;2318-2306
2318;2307;164.51;1:54;2318-2307
2318;2308;156.01;1:42;2318-2308
2318;2309;194.39;2:06;2318-2309
2318;2310;106.63;1:29;2318-2310
2318;2311;227.12;2:23;2318-2311
2318;2312;27.61;0:31;2318-2312
2318;2313;12.33;0:15;2318-2313
2318;2314;15.57;0:18;2318-2314
2318;2315;14.28;0:21;2318-2315
2318;2316;15.65;0:22;2318-2316
2318;2317;12.77;0:14;2318-2317
2318;2318;0.00;0:00;2318-2318
2318;2319;101.44;1:17;2318-2319
2318;2320;113.09;1:26;2318-2320
2318;2321;112.02;1:28;2318-2321
2318;2322;107.15;1:27;2318-2322
2318;2323;120.94;1:37;2318-2323
2318;2324;122.05;1:39;2318-2324
2318;2325;124.68;1:43;2318-2325
2318;2326;126.82;1:34;2318-2326
2318;2327;126.58;1:42;2318-2327
2318;2328;115.59;1:43;2318-2328
2318;2329;111.83;1:35;2318-2329
2318;2330;113.57;1:18;2318-2330
2318;2331;118.37;1:35;2318-2331
2318;2332;109.75;1:24;2318-2332
2318;2333;93.87;1:13;2318-2333
2318;2334;125.51;1:38;2318-2334
2318;2335;126.29;1:37;2318-2335
2318;2336;301.03;3:11;2318-2336
2318;2337;299.25;3:09;2318-2337
2318;2338;296.70;3:05;2318-2338
2318;2339;35.44;0:33;2318-2339
2318;2340;39.13;0:38;2318-2340
2318;2341;19.41;0:24;2318-2341
2318;2342;13.09;0:14;2318-2342
2318;2343;44.61;0:38;2318-2343
2318;2344;196.12;2:23;2318-2344
2318;2345;198.82;2:28;2318-2345
2318;2346;192.93;2:20;2318-2346
2318;2347;376.55;3:48;2318-2347
2318;2348;390.76;3:59;2318-2348
2318;2349;380.47;3:53;2318-2349
2318;2350;423.98;4:22;2318-2350
2318;2351;421.57;4:20;2318-2351
2319;3423909;95.33;1:06;2319-3423909
2319;3403208;266.16;2:44;2319-3403208
2319;3424402;79.29;0:56;2319-3424402
2319;2301;82.29;0:58;2319-2301
2319;2302;88.96;1:06;2319-2302
2319;2303;85.08;1:03;2319-2303
2319;2304;100.14;1:07;2319-2304
2319;2305;101.87;1:10;2319-2305
2319;2306;78.53;0:57;2319-2306
2319;2307;86.65;0:58;2319-2307
2319;2308;95.69;1:07;2319-2308
2319;2309;120.07;1:18;2319-2309
2319;2310;8.18;0:19;2319-2310
2319;2311;148.11;1:28;2319-2311
2319;2312;78.97;0:58;2319-2312
2319;2313;91.34;1:04;2319-2313
2319;2314;87.71;1:00;2319-2314
2319;2315;91.51;1:07;2319-2315
2319;2316;89.90;1:06;2319-2316
2319;2317;91.82;1:04;2319-2317
2319;2318;99.05;1:10;2319-2318
2319;2319;0.00;0:00;2319-2319
2319;2320;15.57;0:19;2319-2320
2319;2321;14.45;0:21;2319-2321
2319;2322;6.17;0:17;2319-2322
2319;2323;22.88;0:30;2319-2323
2319;2324;23.53;0:32;2319-2324
2319;2325;16.13;0:36;2319-2325
2319;2326;27.63;0:27;2319-2326
2319;2327;28.28;0:35;2319-2327
2319;2328;23.98;0:38;2319-2328
2319;2329;24.37;0:36;2319-2329
2319;2330;39.72;0:50;2319-2330
2319;2331;19.18;0:27;2319-2331
2319;2332;11.23;0:17;2319-2332
2319;2333;21.98;0:24;2319-2333
2319;2334;26.99;0:31;2319-2334
2319;2335;27.77;0:30;2319-2335
2319;2336;227.71;2:23;2319-2336
2319;2337;226.93;2:21;2319-2337
2319;2338;223.68;2:17;2319-2338
2319;2339;134.99;1:36;2319-2339
2319;2340;138.68;1:41;2319-2340
2319;2341;118.96;1:26;2319-2341
2319;2342;112.64;1:17;2319-2342
2319;2343;143.16;1:40;2319-2343
2319;2344;97.86;1:16;2319-2344
2319;2345;100.53;1:20;2319-2345
2319;2346;94.41;1:12;2319-2346
2319;2347;302.23;3:00;2319-2347
2319;2348;317.28;3:11;2319-2348
2319;2349;307.38;3:05;2319-2349
2319;2350;324.46;3:14;2319-2350
2319;2351;323.05;3:13;2319-2351
2320;3423909;88.13;1:07;2320-3423909
2320;3403208;268.63;2:49;2320-3403208
2320;3424402;94.49;1:12;2320-3424402
2320;2301;85.76;1:03;2320-2301
2320;2302;91.43;1:11;2320-2302
2320;2303;88.55;1:07;2320-2303
2320;2304;103.61;1:12;2320-2304
2320;2305;104.34;1:14;2320-2305
2320;2306;81.60;1:02;2320-2306
2320;2307;89.97;1:03;2320-2307
2320;2308;98.16;1:12;2320-2308
2320;2309;123.54;1:23;2320-2309
2320;2310;20.76;0:33;2320-2310
2320;2311;151.58;1:32;2320-2311
2320;2312;93.17;1:15;2320-2312
2320;2313;105.54;1:21;2320-2313
2320;2314;102.91;1:16;2320-2314
2320;2315;106.71;1:24;2320-2315
2320;2316;104.52;1:22;2320-2316
2320;2317;106.02;1:21;2320-2317
2320;2318;114.25;1:26;2320-2318
2320;2319;14.81;0:20;2320-2319
2320;2320;0.00;0:00;2320-2320
2320;2321;4.69;0:09;2320-2321
2320;2322;5.65;0:14;2320-2322
2320;2323;7.03;0:19;2320-2323
2320;2324;8.68;0:21;2320-2324
2320;2325;10.31;0:25;2320-2325
2320;2326;9.97;0:14;2320-2326
2320;2327;10.95;0:25;2320-2327
2320;2328;21.92;0:32;2320-2328
2320;2329;28.97;0:41;2320-2329
2320;2330;60.96;0:57;2320-2330
2320;2331;9.36;0:23;2320-2331
2320;2332;13.03;0:22;2320-2332
2320;2333;35.18;0:40;2320-2333
2320;2334;20.79;0:31;2320-2334
2320;2335;21.57;0:30;2320-2335
2320;2336;230.18;2:28;2320-2336
2320;2337;229.04;2:26;2320-2337
2320;2338;226.15;2:22;2320-2338
2320;2339;149.19;1:52;2320-2339
2320;2340;153.88;1:57;2320-2340
2320;2341;133.16;1:43;2320-2341
2320;2342;127.84;1:33;2320-2342
2320;2343;158.36;1:57;2320-2343
2320;2344;91.34;1:16;2320-2344
2320;2345;94.01;1:21;2320-2345
2320;2346;88.21;1:13;2320-2346
2320;2347;305.57;3:05;2320-2347
2320;2348;320.75;3:16;2320-2348
2320;2349;309.85;3:10;2320-2349
2320;2350;318.26;3:15;2320-2350
2320;2351;316.85;3:13;2320-2351
2321;3423909;89.69;1:03;2321-3423909
2321;3403208;266.55;2:43;2321-3403208
2321;3424402;91.41;1:06;2321-3424402
2321;2301;82.68;0:57;2321-2301
2321;2302;89.35;1:05;2321-2302
2321;2303;85.47;1:01;2321-2303
2321;2304;100.53;1:06;2321-2304
2321;2305;101.26;1:08;2321-2305
2321;2306;78.92;0:56;2321-2306
2321;2307;86.89;0:57;2321-2307
2321;2308;95.08;1:06;2321-2308
2321;2309;120.46;1:17;2321-2309
2321;2310;17.68;0:27;2321-2310
2321;2311;148.35;1:26;2321-2311
2321;2312;90.09;1:08;2321-2312
2321;2313;103.46;1:15;2321-2313
2321;2314;99.83;1:10;2321-2314
2321;2315;103.63;1:18;2321-2315
2321;2316;101.12;1:16;2321-2316
2321;2317;103.94;1:15;2321-2317
2321;2318;111.17;1:20;2321-2318
2321;2319;12.73;0:14;2321-2319
2321;2320;1.56;0:04;2321-2320
2321;2321;0.00;0:00;2321-2321
2321;2322;2.18;0:08;2321-2322
2321;2323;10.14;0:18;2321-2323
2321;2324;11.05;0:21;2321-2324
2321;2325;13.68;0:24;2321-2325
2321;2326;11.26;0:16;2321-2326
2321;2327;15.78;0:24;2321-2327
2321;2328;20.08;0:30;2321-2328
2321;2329;27.13;0:38;2321-2329
2321;2330;59.12;0:54;2321-2330
2321;2331;14.54;0:24;2321-2331
2321;2332;10.95;0:16;2321-2332
2321;2333;32.91;0:34;2321-2333
2321;2334;21.35;0:27;2321-2334
2321;2335;22.13;0:26;2321-2335
2321;2336;228.01;2:22;2321-2336
2321;2337;226.32;2:20;2321-2337
2321;2338;223.07;2:16;2321-2338
2321;2339;146.11;1:46;2321-2339
2321;2340;150.68;1:51;2321-2340
2321;2341;130.08;1:37;2321-2341
2321;2342;124.76;1:27;2321-2342
2321;2343;155.28;1:50;2321-2343
2321;2344;92.96;1:12;2321-2344
2321;2345;95.66;1:17;2321-2345
2321;2346;89.77;1:09;2321-2346
2321;2347;302.62;2:59;2321-2347
2321;2348;317.67;3:10;2321-2348
2321;2349;307.77;3:04;2321-2349
2321;2350;319.82;3:11;2321-2350
2321;2351;317.41;3:10;2321-2351
2322;3423909;90.59;1:06;2322-3423909
2322;3403208;263.76;2:44;2322-3403208
2322;3424402;86.56;1:07;2322-3424402
2322;2301;79.89;0:58;2322-2301
2322;2302;86.56;1:06;2322-2302
2322;2303;82.68;1:02;2322-2303
2322;2304;97.74;1:07;2322-2304
2322;2305;98.47;1:09;2322-2305
2322;2306;75.13;0:57;2322-2306
2322;2307;83.71;0:58;2322-2307
2322;2308;92.29;1:07;2322-2308
2322;2309;117.67;1:18;2322-2309
2322;2310;11.17;0:25;2322-2310
2322;2311;145.71;1:27;2322-2311
2322;2312;84.24;1:09;2322-2312
2322;2313;97.61;1:15;2322-2313
2322;2314;94.98;1:11;2322-2314
2322;2315;97.78;1:18;2322-2315
2322;2316;96.27;1:17;2322-2316
2322;2317;98.09;1:15;2322-2317
2322;2318;106.32;1:21;2322-2318
2322;2319;6.88;0:13;2322-2319
2322;2320;4.51;0:11;2322-2320
2322;2321;3.47;0:10;2322-2321
2322;2322;0.00;0:00;2322-2322
2322;2323;9.43;0:21;2322-2323
2322;2324;10.08;0:23;2322-2324
2322;2325;12.71;0:27;2322-2325
2322;2326;13.21;0:23;2322-2326
2322;2327;12.35;0:27;2322-2327
2322;2328;19.37;0:33;2322-2328
2322;2329;26.42;0:41;2322-2329
2322;2330;58.41;0:57;2322-2330
2322;2331;15.44;0:26;2322-2331
2322;2332;6.87;0:15;2322-2332
2322;2333;27.25;0:35;2322-2333
2322;2334;22.25;0:30;2322-2334
2322;2335;23.03;0:29;2322-2335
2322;2336;225.31;2:23;2322-2336
2322;2337;223.53;2:21;2322-2337
2322;2338;220.28;2:17;2322-2338
2322;2339;141.26;1:46;2322-2339
2322;2340;145.95;1:51;2322-2340
2322;2341;124.23;1:37;2322-2341
2322;2342;118.91;1:28;2322-2342
2322;2343;149.43;1:51;2322-2343
2322;2344;93.86;1:15;2322-2344
2322;2345;96.56;1:20;2322-2345
2322;2346;90.67;1:12;2322-2346
2322;2347;299.83;3:00;2322-2347
2322;2348;314.88;3:11;2322-2348
2322;2349;304.98;3:05;2322-2349
2322;2350;320.72;3:14;2322-2350
2322;2351;318.31;3:12;2322-2351
2323;3423909;97.08;1:11;2323-3423909
2323;3403208;279.35;2:57;2323-3403208
2323;3424402;101.14;1:22;2323-3424402
2323;2301;96.48;1:11;2323-2301
2323;2302;102.15;1:19;2323-2302
2323;2303;99.27;1:16;2323-2303
2323;2304;114.33;1:20;2323-2304
2323;2305;115.06;1:23;2323-2305
2323;2306;92.72;1:10;2323-2306
2323;2307;100.69;1:11;2323-2307
2323;2308;109.88;1:20;2323-2308
2323;2309;134.26;1:31;2323-2309
2323;2310;26.67;0:43;2323-2310
2323;2311;161.93;1:40;2323-2311
2323;2312;99.08;1:24;2323-2312
2323;2313;112.45;1:30;2323-2313
2323;2314;109.82;1:26;2323-2314
2323;2315;112.62;1:33;2323-2315
2323;2316;111.11;1:32;2323-2316
2323;2317;112.93;1:30;2323-2317
2323;2318;121.16;1:36;2323-2318
2323;2319;21.72;0:30;2323-2319
2323;2320;7.69;0:20;2323-2320
2323;2321;10.23;0:20;2323-2321
2323;2322;9.71;0:20;2323-2322
2323;2323;0.00;0:00;2323-2323
2323;2324;1.48;0:07;2323-2324
2323;2325;4.11;0:11;2323-2325
2323;2326;9.01;0:14;2323-2326
2323;2327;3.75;0:11;2323-2327
2323;2328;16.36;0:36;2323-2328
2323;2329;26.45;0:45;2323-2329
2323;2330;58.44;1:01;2323-2330
2323;2331;16.42;0:26;2323-2331
2323;2332;19.06;0:32;2323-2332
2323;2333;42.09;0:50;2323-2333
2323;2334;29.71;0:36;2323-2334
2323;2335;30.49;0:35;2323-2335
2323;2336;241.59;2:36;2323-2336
2323;2337;239.12;2:34;2323-2337
2323;2338;236.87;2:30;2323-2338
2323;2339;156.11;2:01;2323-2339
2323;2340;160.79;2:06;2323-2340
2323;2341;139.07;1:52;2323-2341
2323;2342;133.75;1:42;2323-2342
2323;2343;164.27;2:06;2323-2343
2323;2344;100.35;1:21;2323-2344
2323;2345;102.05;1:25;2323-2345
2323;2346;96.16;1:17;2323-2346
2323;2347;316.42;3:13;2323-2347
2323;2348;331.47;3:24;2323-2348
2323;2349;320.57;3:18;2323-2349
2323;2350;326.21;3:19;2323-2350
2323;2351;325.18;3:18;2323-2351
2324;3423909;97.88;1:12;2324-3423909
2324;3403208;275.75;2:56;2324-3403208
2324;3424402;101.61;1:20;2324-3424402
2324;2301;92.88;1:10;2324-2301
2324;2302;98.55;1:18;2324-2302
2324;2303;95.67;1:15;2324-2303
2324;2304;110.73;1:19;2324-2304
2324;2305;111.46;1:22;2324-2305
2324;2306;88.12;1:09;2324-2306
2324;2307;96.09;1:10;2324-2307
2324;2308;105.28;1:19;2324-2308
2324;2309;130.66;1:30;2324-2309
2324;2310;26.88;0:41;2324-2310
2324;2311;157.97;1:40;2324-2311
2324;2312;99.29;1:22;2324-2312
2324;2313;112.66;1:28;2324-2313
2324;2314;109.03;1:24;2324-2314
2324;2315;112.83;1:31;2324-2315
2324;2316;111.32;1:30;2324-2316
2324;2317;113.14;1:28;2324-2317
2324;2318;121.37;1:34;2324-2318
2324;2319;21.93;0:27;2324-2319
2324;2320;12.06;0:22;2324-2320
2324;2321;10.49;0:18;2324-2321
2324;2322;9.69;0:19;2324-2322
2324;2323;2.31;0:08;2324-2323
2324;2324;0.00;0:00;2324-2324
2324;2325;4.71;0:10;2324-2325
2324;2326;10.64;0:16;2324-2326
2324;2327;4.48;0:10;2324-2327
2324;2328;15.49;0:32;2324-2328
2324;2329;26.99;0:42;2324-2329
2324;2330;57.98;0:58;2324-2330
2324;2331;17.05;0:28;2324-2331
2324;2332;20.27;0:30;2324-2332
2324;2333;42.53;0:47;2324-2333
2324;2334;29.54;0:36;2324-2334
2324;2335;29.32;0:36;2324-2335
2324;2336;237.63;2:35;2324-2336
2324;2337;235.52;2:33;2324-2337
2324;2338;233.27;2:30;2324-2338
2324;2339;156.31;1:59;2324-2339
2324;2340;160.30;2:04;2324-2340
2324;2341;139.28;1:50;2324-2341
2324;2342;133.96;1:40;2324-2342
2324;2343;164.48;2:04;2324-2343
2324;2344;99.15;1:22;2324-2344
2324;2345;102.85;1:26;2324-2345
2324;2346;96.96;1:18;2324-2346
2324;2347;312.82;3:12;2324-2347
2324;2348;327.87;3:23;2324-2348
2324;2349;316.97;3:18;2324-2349
2324;2350;326.01;3:20;2324-2350
2324;2351;325.06;3:19;2324-2351
2325;3423909;103.63;1:13;2325-3423909
2325;3403208;285.79;2:58;2325-3403208
2325;3424402;104.49;1:25;2325-3424402
2325;2301;102.03;1:13;2325-2301
2325;2302;108.67;1:20;2325-2302
2325;2303;105.82;1:17;2325-2303
2325;2304;120.88;1:21;2325-2304
2325;2305;121.61;1:24;2325-2305
2325;2306;98.27;1:11;2325-2306
2325;2307;106.24;1:12;2325-2307
2325;2308;115.43;1:21;2325-2308
2325;2309;140.81;1:32;2325-2309
2325;2310;29.76;0:45;2325-2310
2325;2311;167.85;1:42;2325-2311
2325;2312;102.17;1:27;2325-2312
2325;2313;115.54;1:33;2325-2313
2325;2314;112.91;1:28;2325-2314
2325;2315;115.71;1:36;2325-2315
2325;2316;114.12;1:34;2325-2316
2325;2317;116.02;1:33;2325-2317
2325;2318;124.25;1:38;2325-2318
2325;2319;24.81;0:32;2325-2319
2325;2320;11.48;0:26;2325-2320
2325;2321;13.37;0:23;2325-2321
2325;2322;12.57;0:24;2325-2322
2325;2323;4.66;0:12;2325-2323
2325;2324;2.48;0:06;2325-2324
2325;2325;0.00;0:00;2325-2325
2325;2326;16.87;0:17;2325-2326
2325;2327;2.53;0:05;2325-2327
2325;2328;15.54;0:32;2325-2328
2325;2329;28.87;0:46;2325-2329
2325;2330;76.67;0:56;2325-2330
2325;2331;22.14;0:28;2325-2331
2325;2332;22.15;0:34;2325-2332
2325;2333;45.18;0:52;2325-2333
2325;2334;35.26;0:37;2325-2334
2325;2335;36.04;0:36;2325-2335
2325;2336;247.45;2:37;2325-2336
2325;2337;245.67;2:35;2325-2337
2325;2338;243.42;2:32;2325-2338
2325;2339;159.19;2:04;2325-2339
2325;2340;163.88;2:09;2325-2340
2325;2341;142.16;1:55;2325-2341
2325;2342;136.84;1:45;2325-2342
2325;2343;167.36;2:09;2325-2343
2325;2344;106.09;1:22;2325-2344
2325;2345;108.76;1:27;2325-2345
2325;2346;102.71;1:19;2325-2346
2325;2347;322.97;3:14;2325-2347
2325;2348;337.02;3:25;2325-2348
2325;2349;326.12;3:20;2325-2349
2325;2350;332.76;3:20;2325-2350
2325;2351;331.35;3:19;2325-2351
2326;3423909;93.68;1:04;2326-3423909
2326;3403208;275.95;2:50;2326-3403208
2326;3424402;109.74;1:21;2326-3424402
2326;2301;92.08;1:04;2326-2301
2326;2302;98.75;1:12;2326-2302
2326;2303;94.87;1:09;2326-2303
2326;2304;109.93;1:13;2326-2304
2326;2305;111.66;1:16;2326-2305
2326;2306;88.32;1:03;2326-2306
2326;2307;95.29;1:04;2326-2307
2326;2308;105.48;1:13;2326-2308
2326;2309;129.86;1:24;2326-2309
2326;2310;35.01;0:41;2326-2310
2326;2311;157.59;1:34;2326-2311
2326;2312;107.42;1:23;2326-2312
2326;2313;120.79;1:29;2326-2313
2326;2314;117.16;1:24;2326-2314
2326;2315;120.96;1:32;2326-2315
2326;2316;119.45;1:30;2326-2316
2326;2317;121.27;1:29;2326-2317
2326;2318;129.35;1:34;2326-2318
2326;2319;29.06;0:28;2326-2319
2326;2320;13.22;0:22;2326-2320
2326;2321;15.76;0:24;2326-2321
2326;2322;20.58;0:27;2326-2322
2326;2323;12.23;0:17;2326-2323
2326;2324;13.88;0:20;2326-2324
2326;2325;19.55;0:21;2326-2325
2326;2326;0.00;0:00;2326-2326
2326;2327;20.34;0:22;2326-2327
2326;2328;30.42;0:43;2326-2328
2326;2329;37.47;0:52;2326-2329
2326;2330;74.93;0:53;2326-2330
2326;2331;7.77;0:17;2326-2331
2326;2332;28.28;0:30;2326-2332
2326;2333;50.43;0:48;2326-2333
2326;2334;24.31;0:29;2326-2334
2326;2335;25.09;0:28;2326-2335
2326;2336;237.25;2:29;2326-2336
2326;2337;235.72;2:27;2326-2337
2326;2338;232.47;2:24;2326-2338
2326;2339;164.44;2:00;2326-2339
2326;2340;168.13;2:05;2326-2340
2326;2341;147.41;1:51;2326-2341
2326;2342;142.09;1:41;2326-2342
2326;2343;172.61;2:05;2326-2343
2326;2344;95.95;1:14;2326-2344
2326;2345;98.65;1:18;2326-2345
2326;2346;92.76;1:10;2326-2346
2326;2347;312.02;3:06;2326-2347
2326;2348;326.07;3:17;2326-2348
2326;2349;316.17;3:12;2326-2349
2326;2350;322.81;3:12;2326-2350
2326;2351;320.84;3:11;2326-2351
2327;3423909;104.58;1:14;2327-3423909
2327;3403208;286.07;3:00;2327-3403208
2327;3424402;103.81;1:24;2327-3424402
2327;2301;103.52;1:14;2327-2301
2327;2302;109.87;1:22;2327-2302
2327;2303;106.99;1:18;2327-2303
2327;2304;121.05;1:23;2327-2304
2327;2305;122.78;1:26;2327-2305
2327;2306;99.44;1:13;2327-2306
2327;2307;107.41;1:14;2327-2307
2327;2308;116.56;1:23;2327-2308
2327;2309;141.98;1:34;2327-2309
2327;2310;29.08;0:45;2327-2310
2327;2311;169.02;1:43;2327-2311
2327;2312;102.49;1:26;2327-2312
2327;2313;114.86;1:32;2327-2313
2327;2314;111.23;1:28;2327-2314
2327;2315;115.03;1:35;2327-2315
2327;2316;113.52;1:34;2327-2316
2327;2317;115.34;1:32;2327-2317
2327;2318;123.57;1:38;2327-2318
2327;2319;24.13;0:32;2327-2319
2327;2320;10.53;0:25;2327-2320
2327;2321;13.69;0:22;2327-2321
2327;2322;11.89;0:23;2327-2322
2327;2323;3.71;0:11;2327-2323
2327;2324;2.48;0:05;2327-2324
2327;2325;2.09;0:07;2327-2325
2327;2326;13.85;0:18;2327-2326
2327;2327;0.00;0:00;2327-2327
2327;2328;13.45;0:28;2327-2328
2327;2329;25.63;0:44;2327-2329
2327;2330;77.84;0:58;2327-2330
2327;2331;23.31;0:30;2327-2331
2327;2332;22.47;0:34;2327-2332
2327;2333;44.85;0:52;2327-2333
2327;2334;36.43;0:38;2327-2334
2327;2335;37.21;0:38;2327-2335
2327;2336;248.62;2:39;2327-2336
2327;2337;246.84;2:37;2327-2337
2327;2338;244.59;2:33;2327-2338
2327;2339;158.51;2:03;2327-2339
2327;2340;162.62;2:08;2327-2340
2327;2341;142.48;1:54;2327-2341
2327;2342;136.16;1:45;2327-2342
2327;2343;167.68;2:08;2327-2343
2327;2344;107.07;1:24;2327-2344
2327;2345;109.77;1:28;2327-2345
2327;2346;103.88;1:20;2327-2346
2327;2347;323.14;3:16;2327-2347
2327;2348;338.19;3:27;2327-2348
2327;2349;327.29;3:21;2327-2349
2327;2350;333.93;3:22;2327-2350
2327;2351;332.52;3:21;2327-2351
2328;3423909;106.47;1:25;2328-3423909
2328;3403208;285.34;3:09;2328-3403208
2328;3424402;115.23;1:20;2328-3424402
2328;2301;101.47;1:24;2328-2301
2328;2302;108.14;1:31;2328-2302
2328;2303;104.26;1:28;2328-2303
2328;2304;119.32;1:32;2328-2304
2328;2305;121.05;1:35;2328-2305
2328;2306;97.71;1:22;2328-2306
2328;2307;105.68;1:23;2328-2307
2328;2308;114.87;1:32;2328-2308
2328;2309;139.25;1:43;2328-2309
2328;2310;28.11;0:53;2328-2310
2328;2311;167.29;1:53;2328-2311
2328;2312;112.72;1:21;2328-2312
2328;2313;126.28;1:29;2328-2313
2328;2314;123.65;1:24;2328-2314
2328;2315;127.45;1:32;2328-2315
2328;2316;125.94;1:30;2328-2316
2328;2317;127.76;1:29;2328-2317
2328;2318;135.99;1:34;2328-2318
2328;2319;31.52;0:40;2328-2319
2328;2320;22.65;0:35;2328-2320
2328;2321;20.08;0:31;2328-2321
2328;2322;19.51;0:33;2328-2322
2328;2323;20.67;0:38;2328-2323
2328;2324;16.42;0:36;2328-2324
2328;2325;16.54;0:38;2328-2325
2328;2326;27.19;0:41;2328-2326
2328;2327;14.59;0:32;2328-2327
2328;2328;0.00;0:00;2328-2328
2328;2329;10.61;0:23;2328-2329
2328;2330;39.81;0:37;2328-2330
2328;2331;31.32;0:46;2328-2331
2328;2332;29.86;0:43;2328-2332
2328;2333;36.78;0:52;2328-2333
2328;2334;38.13;0:49;2328-2334
2328;2335;39.91;0:48;2328-2335
2328;2336;247.89;2:48;2328-2336
2328;2337;245.11;2:46;2328-2337
2328;2338;242.86;2:42;2328-2338
2328;2339;174.48;1:56;2328-2339
2328;2340;178.17;2:02;2328-2340
2328;2341;153.99;1:51;2328-2341
2328;2342;151.56;1:40;2328-2342
2328;2343;182.65;2:01;2328-2343
2328;2344;109.74;1:35;2328-2344
2328;2345;112.44;1:39;2328-2345
2328;2346;106.55;1:31;2328-2346
2328;2347;321.41;3:25;2328-2347
2328;2348;336.46;3:36;2328-2348
2328;2349;326.56;3:31;2328-2349
2328;2350;336.26;3:33;2328-2350
2328;2351;334.19;3:32;2328-2351
2329;3423909;115.26;1:35;2329-3423909
2329;3403208;289.49;3:15;2329-3403208
2329;3424402;108.28;1:10;2329-3424402
2329;2301;106.62;1:30;2329-2301
2329;2302;112.29;1:37;2329-2302
2329;2303;108.41;1:34;2329-2303
2329;2304;123.47;1:38;2329-2304
2329;2305;125.12;1:41;2329-2305
2329;2306;101.86;1:28;2329-2306
2329;2307;109.83;1:29;2329-2307
2329;2308;119.02;1:38;2329-2308
2329;2309;143.94;1:49;2329-2309
2329;2310;28.33;0:51;2329-2310
2329;2311;171.44;1:59;2329-2311
2329;2312;105.77;1:10;2329-2312
2329;2313;119.33;1:18;2329-2313
2329;2314;116.07;1:14;2329-2314
2329;2315;119.55;1:21;2329-2315
2329;2316;117.99;1:20;2329-2316
2329;2317;119.81;1:18;2329-2317
2329;2318;127.04;1:24;2329-2318
2329;2319;26.26;0:40;2329-2319
2329;2320;30.44;0:45;2329-2320
2329;2321;28.87;0:41;2329-2321
2329;2322;27.53;0:43;2329-2322
2329;2323;28.46;0:48;2329-2323
2329;2324;28.63;0:48;2329-2324
2329;2325;67.08;0:48;2329-2325
2329;2326;63.88;0:42;2329-2326
2329;2327;29.02;0:48;2329-2327
2329;2328;11.28;0:28;2329-2328
2329;2329;0.00;0:00;2329-2329
2329;2330;31.86;0:27;2329-2330
2329;2331;39.11;0:56;2329-2331
2329;2332;34.56;0:48;2329-2332
2329;2333;33.22;0:47;2329-2333
2329;2334;46.92;0:59;2329-2334
2329;2335;47.77;0:58;2329-2335
2329;2336;251.04;2:54;2329-2336
2329;2337;249.26;2:52;2329-2337
2329;2338;246.01;2:48;2329-2338
2329;2339;166.53;1:46;2329-2339
2329;2340;170.22;1:51;2329-2340
2329;2341;146.95;1:40;2329-2341
2329;2342;143.61;1:29;2329-2342
2329;2343;175.27;1:51;2329-2343
2329;2344;117.53;1:44;2329-2344
2329;2345;120.23;1:49;2329-2345
2329;2346;114.34;1:41;2329-2346
2329;2347;325.56;3:31;2329-2347
2329;2348;340.61;3:42;2329-2348
2329;2349;330.71;3:37;2329-2349
2329;2350;344.39;3:43;2329-2350
2329;2351;342.98;3:42;2329-2351
2330;3423909;160.05;1:46;2330-3423909
2330;3403208;294.05;3:26;2330-3403208
2330;3424402;94.54;1:04;2330-3424402
2330;2301;111.18;1:40;2330-2301
2330;2302;117.85;1:48;2330-2302
2330;2303;114.97;1:44;2330-2303
2330;2304;129.03;1:49;2330-2304
2330;2305;130.76;1:52;2330-2305
2330;2306;107.42;1:39;2330-2306
2330;2307;115.39;1:40;2330-2307
2330;2308;124.58;1:49;2330-2308
2330;2309;149.96;2:00;2330-2309
2330;2310;34.89;1:02;2330-2310
2330;2311;177.00;2:09;2330-2311
2330;2312;91.03;1:04;2330-2312
2330;2313;105.59;1:12;2330-2313
2330;2314;102.96;1:08;2330-2314
2330;2315;105.76;1:15;2330-2315
2330;2316;104.25;1:14;2330-2316
2330;2317;106.07;1:12;2330-2317
2330;2318;114.23;1:18;2330-2318
2330;2319;31.82;0:51;2330-2319
2330;2320;61.91;1:00;2330-2320
2330;2321;60.34;0:55;2330-2321
2330;2322;34.96;1:00;2330-2322
2330;2323;60.93;1:03;2330-2323
2330;2324;78.31;0:58;2330-2324
2330;2325;76.57;0:56;2330-2325
2330;2326;73.29;0:50;2330-2326
2330;2327;77.36;0:57;2330-2327
2330;2328;44.86;0:42;2330-2328
2330;2329;13.94;0:25;2330-2329
2330;2330;0.00;0:00;2330-2330
2330;2331;79.56;1:02;2330-2331
2330;2332;40.12;0:59;2330-2332
2330;2333;34.77;0:53;2330-2333
2330;2334;92.68;1:10;2330-2334
2330;2335;93.46;1:09;2330-2335
2330;2336;256.66;3:05;2330-2336
2330;2337;254.82;3:03;2330-2337
2330;2338;252.57;2:59;2330-2338
2330;2339;153.79;1:40;2330-2339
2330;2340;157.48;1:45;2330-2340
2330;2341;132.21;1:34;2330-2341
2330;2342;130.87;1:23;2330-2342
2330;2343;161.96;1:45;2330-2343
2330;2344;163.32;1:56;2330-2344
2330;2345;165.02;2:00;2330-2345
2330;2346;159.13;1:52;2330-2346
2330;2347;331.12;3:42;2330-2347
2330;2348;346.17;3:53;2330-2348
2330;2349;335.27;3:47;2330-2349
2330;2350;390.18;3:54;2330-2350
2330;2351;388.77;3:53;2330-2351
2331;3423909;85.62;1:03;2331-3423909
2331;3403208;269.47;2:51;2331-3403208
2331;3424402;97.14;1:17;2331-3424402
2331;2301;86.16;1:06;2331-2301
2331;2302;92.27;1:14;2331-2302
2331;2303;88.39;1:10;2331-2303
2331;2304;103.45;1:14;2331-2304
2331;2305;105.18;1:17;2331-2305
2331;2306;82.84;1:04;2331-2306
2331;2307;89.81;1:06;2331-2307
2331;2308;99.20;1:15;2331-2308
2331;2309;124.38;1:25;2331-2309
2331;2310;22.41;0:38;2331-2310
2331;2311;151.42;1:35;2331-2311
2331;2312;95.82;1:19;2331-2312
2331;2313;108.19;1:25;2331-2313
2331;2314;105.56;1:21;2331-2314
2331;2315;108.36;1:28;2331-2315
2331;2316;107.85;1:26;2331-2316
2331;2317;108.67;1:25;2331-2317
2331;2318;116.99;1:30;2331-2318
2331;2319;17.46;0:24;2331-2319
2331;2320;11.75;0:20;2331-2320
2331;2321;12.17;0:22;2331-2321
2331;2322;16.06;0:25;2331-2322
2331;2323;11.01;0:26;2331-2323
2331;2324;12.66;0:28;2331-2324
2331;2325;24.44;0:30;2331-2325
2331;2326;9.55;0:17;2331-2326
2331;2327;25.23;0:31;2331-2327
2331;2328;29.74;0:42;2331-2328
2331;2329;36.79;0:50;2331-2329
2331;2330;79.19;1:03;2331-2330
2331;2331;0.00;0:00;2331-2331
2331;2332;15.65;0:26;2331-2332
2331;2333;38.83;0:44;2331-2333
2331;2334;17.28;0:27;2331-2334
2331;2335;18.06;0:26;2331-2335
2331;2336;231.02;2:31;2331-2336
2331;2337;229.24;2:28;2331-2337
2331;2338;226.99;2:25;2331-2338
2331;2339;152.84;1:56;2331-2339
2331;2340;156.53;2:01;2331-2340
2331;2341;135.81;1:47;2331-2341
2331;2342;129.49;1:37;2331-2342
2331;2343;160.01;2:01;2331-2343
2331;2344;88.89;1:13;2331-2344
2331;2345;90.59;1:17;2331-2345
2331;2346;84.77;1:09;2331-2346
2331;2347;306.54;3:08;2331-2347
2331;2348;320.59;3:18;2331-2348
2331;2349;310.69;3:13;2331-2349
2331;2350;314.75;3:11;2331-2350
2331;2351;313.34;3:10;2331-2351
2332;3423909;92.99;1:05;2332-3423909
2332;3403208;262.24;2:43;2332-3403208
2332;3424402;92.66;1:10;2332-3424402
2332;2301;79.37;0:58;2332-2301
2332;2302;85.04;1:05;2332-2302
2332;2303;81.16;1:02;2332-2303
2332;2304;96.22;1:06;2332-2304
2332;2305;98.95;1:09;2332-2305
2332;2306;74.61;0:56;2332-2306
2332;2307;82.58;0:57;2332-2307
2332;2308;92.77;1:06;2332-2308
2332;2309;116.15;1:17;2332-2309
2332;2310;18.87;0:30;2332-2310
2332;2311;144.19;1:27;2332-2311
2332;2312;91.28;1:12;2332-2312
2332;2313;103.65;1:18;2332-2313
2332;2314;100.02;1:13;2332-2314
2332;2315;104.82;1:20;2332-2315
2332;2316;102.31;1:19;2332-2316
2332;2317;104.13;1:18;2332-2317
2332;2318;112.36;1:23;2332-2318
2332;2319;13.92;0:17;2332-2319
2332;2320;12.24;0:18;2332-2320
2332;2321;11.11;0:19;2332-2321
2332;2322;10.20;0:18;2332-2322
2332;2323;19.55;0:28;2332-2323
2332;2324;20.52;0:30;2332-2324
2332;2325;22.83;0:34;2332-2325
2332;2326;24.96;0:26;2332-2326
2332;2327;25.95;0:34;2332-2327
2332;2328;29.23;0:39;2332-2328
2332;2329;36.28;0:48;2332-2329
2332;2330;52.03;1:04;2332-2330
2332;2331;16.84;0:26;2332-2331
2332;2332;0.00;0:00;2332-2332
2332;2333;33.29;0:37;2332-2333
2332;2334;23.65;0:29;2332-2334
2332;2335;24.43;0:28;2332-2335
2332;2336;224.79;2:22;2332-2336
2332;2337;222.01;2:20;2332-2337
2332;2338;219.76;2:17;2332-2338
2332;2339;147.63;1:49;2332-2339
2332;2340;151.99;1:54;2332-2340
2332;2341;131.27;1:40;2332-2341
2332;2342;125.95;1:30;2332-2342
2332;2343;156.47;1:54;2332-2343
2332;2344;94.26;1:15;2332-2344
2332;2345;97.96;1:19;2332-2345
2332;2346;91.07;1:11;2332-2346
2332;2347;298.31;2:59;2332-2347
2332;2348;313.36;3:10;2332-2348
2332;2349;303.46;3:05;2332-2349
2332;2350;321.12;3:13;2332-2350
2332;2351;319.71;3:12;2332-2351
2333;3423909;112.57;1:22;2333-3423909
2333;3403208;283.24;2:59;2333-3403208
2333;3424402;72.94;0:54;2333-3424402
2333;2301;99.53;1:14;2333-2301
2333;2302;106.12;1:22;2333-2302
2333;2303;102.32;1:18;2333-2303
2333;2304;117.38;1:22;2333-2304
2333;2305;119.11;1:25;2333-2305
2333;2306;95.77;1:12;2333-2306
2333;2307;103.74;1:14;2333-2307
2333;2308;110.34;1:21;2333-2308
2333;2309;137.31;1:33;2333-2309
2333;2310;8.22;0:21;2333-2310
2333;2311;165.35;1:43;2333-2311
2333;2312;71.62;0:56;2333-2312
2333;2313;84.99;1:02;2333-2313
2333;2314;80.36;0:58;2333-2314
2333;2315;84.16;1:05;2333-2315
2333;2316;82.65;1:04;2333-2316
2333;2317;84.47;1:02;2333-2317
2333;2318;92.67;1:08;2333-2318
2333;2319;20.16;0:25;2333-2319
2333;2320;32.81;0:35;2333-2320
2333;2321;31.74;0:36;2333-2321
2333;2322;26.87;0:35;2333-2322
2333;2323;39.12;0:45;2333-2323
2333;2324;40.77;0:47;2333-2324
2333;2325;42.94;0:51;2333-2325
2333;2326;44.54;0:42;2333-2326
2333;2327;45.52;0:50;2333-2327
2333;2328;34.83;0:50;2333-2328
2333;2329;30.07;0:42;2333-2329
2333;2330;36.18;0:50;2333-2330
2333;2331;37.42;0:43;2333-2331
2333;2332;28.47;0:33;2333-2332
2333;2333;0.00;0:00;2333-2333
2333;2334;44.23;0:46;2333-2334
2333;2335;45.01;0:45;2333-2335
2333;2336;245.95;2:38;2333-2336
2333;2337;243.17;2:36;2333-2337
2333;2338;240.92;2:33;2333-2338
2333;2339;127.64;1:34;2333-2339
2333;2340;131.33;1:39;2333-2340
2333;2341;111.61;1:24;2333-2341
2333;2342;105.29;1:15;2333-2342
2333;2343;136.81;1:38;2333-2343
2333;2344;114.84;1:31;2333-2344
2333;2345;117.54;1:36;2333-2345
2333;2346;111.65;1:28;2333-2346
2333;2347;319.47;3:15;2333-2347
2333;2348;334.52;3:26;2333-2348
2333;2349;324.62;3:21;2333-2349
2333;2350;341.87;3:30;2333-2350
2333;2351;340.29;3:28;2333-2351
2334;3423909;80.73;0:57;2334-3423909
2334;3403208;257.96;2:49;2334-3403208
2334;3424402;104.12;1:19;2334-3424402
2334;2301;74.51;1:03;2334-2301
2334;2302;80.18;1:11;2334-2302
2334;2303;77.03;1:08;2334-2303
2334;2304;91.36;1:12;2334-2304
2334;2305;93.09;1:15;2334-2305
2334;2306;70.75;1:02;2334-2306
2334;2307;78.13;1:03;2334-2307
2334;2308;87.91;1:12;2334-2308
2334;2309;112.87;1:23;2334-2309
2334;2310;29.39;0:39;2334-2310
2334;2311;139.91;1:33;2334-2311
2334;2312;102.58;1:21;2334-2312
2334;2313;115.17;1:27;2334-2313
2334;2314;112.54;1:22;2334-2314
2334;2315;115.34;1:30;2334-2315
2334;2316;114.83;1:28;2334-2316
2334;2317;115.65;1:27;2334-2317
2334;2318;123.88;1:32;2334-2318
2334;2319;24.44;0:26;2334-2319
2334;2320;18.87;0:23;2334-2320
2334;2321;19.29;0:25;2334-2321
2334;2322;23.18;0:28;2334-2322
2334;2323;27.42;0:33;2334-2323
2334;2324;28.07;0:35;2334-2324
2334;2325;33.75;0:34;2334-2325
2334;2326;19.96;0:22;2334-2326
2334;2327;34.54;0:35;2334-2327
2334;2328;36.86;0:45;2334-2328
2334;2329;43.91;0:53;2334-2329
2334;2330;89.75;1:07;2334-2330
2334;2331;16.39;0:25;2334-2331
2334;2332;22.66;0:28;2334-2332
2334;2333;45.81;0:46;2334-2333
2334;2334;0.00;0:00;2334-2334
2334;2335;5.25;0:08;2334-2335
2334;2336;219.51;2:28;2334-2336
2334;2337;217.73;2:26;2334-2337
2334;2338;214.48;2:23;2334-2338
2334;2339;159.82;1:58;2334-2339
2334;2340;163.51;2:03;2334-2340
2334;2341;142.79;1:49;2334-2341
2334;2342;136.47;1:39;2334-2342
2334;2343;167.99;2:03;2334-2343
2334;2344;83.10;1:07;2334-2344
2334;2345;85.77;1:11;2334-2345
2334;2346;79.81;1:03;2334-2346
2334;2347;294.03;3:05;2334-2347
2334;2348;308.08;3:16;2334-2348
2334;2349;298.18;3:11;2334-2349
2334;2350;309.86;3:05;2334-2350
2334;2351;308.45;3:04;2334-2351
2335;3423909;81.59;0:59;2335-3423909
2335;3403208;256.15;2:53;2335-3403208
2335;3424402;107.06;1:22;2335-3424402
2335;2301;72.97;1:07;2335-2301
2335;2302;79.37;1:15;2335-2302
2335;2303;75.49;1:11;2335-2303
2335;2304;90.55;1:15;2335-2304
2335;2305;92.28;1:18;2335-2305
2335;2306;68.94;1:05;2335-2306
2335;2307;76.49;1:07;2335-2307
2335;2308;86.01;1:16;2335-2308
2335;2309;110.06;1:27;2335-2309
2335;2310;32.33;0:43;2335-2310
2335;2311;138.51;1:36;2335-2311
2335;2312;105.74;1:24;2335-2312
2335;2313;118.11;1:30;2335-2313
2335;2314;115.48;1:26;2335-2314
2335;2315;118.28;1:33;2335-2315
2335;2316;116.77;1:32;2335-2316
2335;2317;118.59;1:30;2335-2317
2335;2318;126.82;1:36;2335-2318
2335;2319;27.38;0:30;2335-2319
2335;2320;21.81;0:27;2335-2320
2335;2321;22.23;0:28;2335-2321
2335;2322;26.12;0:31;2335-2322
2335;2323;30.72;0:36;2335-2323
2335;2324;31.37;0:38;2335-2324
2335;2325;36.05;0:37;2335-2325
2335;2326;22.26;0:25;2335-2326
2335;2327;37.84;0:38;2335-2327
2335;2328;39.58;0:48;2335-2328
2335;2329;46.85;0:57;2335-2329
2335;2330;92.58;1:10;2335-2330
2335;2331;18.69;0:28;2335-2331
2335;2332;25.66;0:32;2335-2332
2335;2333;48.75;0:50;2335-2333
2335;2334;6.61;0:10;2335-2334
2335;2335;0.00;0:00;2335-2335
2335;2336;218.17;2:32;2335-2336
2335;2337;216.92;2:30;2335-2337
2335;2338;213.67;2:26;2335-2338
2335;2339;161.76;2:01;2335-2339
2335;2340;165.45;2:06;2335-2340
2335;2341;145.73;1:52;2335-2341
2335;2342;139.41;1:42;2335-2342
2335;2343;170.93;2:06;2335-2343
2335;2344;84.86;1:09;2335-2344
2335;2345;87.56;1:13;2335-2345
2335;2346;81.67;1:05;2335-2346
2335;2347;292.22;3:09;2335-2347
2335;2348;307.27;3:20;2335-2348
2335;2349;297.37;3:14;2335-2349
2335;2350;311.72;3:07;2335-2350
2335;2351;309.31;3:06;2335-2351
2336;3423909;166.48;1:52;2336-3423909
2336;3403208;47.94;0:36;2336-3403208
2336;3424402;280.66;2:57;2336-3424402
2336;2301;153.02;1:44;2336-2301
2336;2302;143.11;1:38;2336-2302
2336;2303;147.22;1:44;2336-2303
2336;2304;138.88;1:32;2336-2304
2336;2305;140.61;1:35;2336-2305
2336;2306;154.58;1:43;2336-2306
2336;2307;143.71;1:36;2336-2307
2336;2308;156.58;1:45;2336-2308
2336;2309;111.01;1:17;2336-2309
2336;2310;230.54;2:34;2336-2310
2336;2311;98.43;1:07;2336-2311
2336;2312;278.34;2:59;2336-2312
2336;2313;291.71;3:05;2336-2313
2336;2314;288.08;3:01;2336-2314
2336;2315;291.88;3:08;2336-2315
2336;2316;290.37;3:07;2336-2316
2336;2317;292.19;3:05;2336-2317
2336;2318;300.42;3:11;2336-2318
2336;2319;224.63;2:21;2336-2319
2336;2320;227.82;2:24;2336-2320
2336;2321;226.75;2:26;2336-2321
2336;2322;225.53;2:25;2336-2322
2336;2323;234.13;2:34;2336-2323
2336;2324;235.78;2:37;2336-2324
2336;2325;246.88;2:37;2336-2325
2336;2326;231.09;2:24;2336-2326
2336;2327;247.67;2:38;2336-2327
2336;2328;245.81;2:46;2336-2328
2336;2329;249.39;2:53;2336-2329
2336;2330;264.74;3:07;2336-2330
2336;2331;229.22;2:30;2336-2331
2336;2332;224.27;2:25;2336-2332
2336;2333;245.60;2:41;2336-2333
2336;2334;217.64;2:28;2336-2334
2336;2335;230.58;2:27;2336-2335
2336;2336;0.00;0:00;2336-2336
2336;2337;4.93;0:09;2336-2337
2336;2338;5.63;0:09;2336-2338
2336;2339;335.36;3:36;2336-2339
2336;2340;339.05;3:41;2336-2340
2336;2341;318.33;3:27;2336-2341
2336;2342;312.01;3:17;2336-2342
2336;2343;343.53;3:41;2336-2343
2336;2344;202.71;2:20;2336-2344
2336;2345;204.41;2:25;2336-2345
2336;2346;198.52;2:17;2336-2346
2336;2347;101.62;1:13;2336-2347
2336;2348;116.67;1:24;2336-2348
2336;2349;106.64;1:18;2336-2349
2336;2350;147.44;1:45;2336-2350
2336;2351;147.35;1:43;2336-2351
2337;3423909;165.14;1:50;2337-3423909
2337;3403208;41.94;0:34;2337-3403208
2337;3424402;278.32;2:55;2337-3424402
2337;2301;152.68;1:42;2337-2301
2337;2302;141.76;1:37;2337-2302
2337;2303;145.88;1:43;2337-2303
2337;2304;137.54;1:31;2337-2304
2337;2305;139.27;1:34;2337-2305
2337;2306;153.46;1:42;2337-2306
2337;2307;142.37;1:35;2337-2307
2337;2308;154.24;1:44;2337-2308
2337;2309;109.67;1:15;2337-2309
2337;2310;228.72;2:32;2337-2310
2337;2311;97.96;1:05;2337-2311
2337;2312;277.40;2:57;2337-2312
2337;2313;290.37;3:04;2337-2313
2337;2314;286.74;2:59;2337-2314
2337;2315;290.54;3:06;2337-2315
2337;2316;288.03;3:05;2337-2316
2337;2317;290.85;3:04;2337-2317
2337;2318;298.08;3:09;2337-2318
2337;2319;223.29;2:19;2337-2319
2337;2320;226.48;2:23;2337-2320
2337;2321;225.41;2:24;2337-2321
2337;2322;223.19;2:24;2337-2322
2337;2323;233.79;2:33;2337-2323
2337;2324;234.44;2:35;2337-2324
2337;2325;244.54;2:35;2337-2325
2337;2326;229.75;2:23;2337-2326
2337;2327;245.33;2:36;2337-2327
2337;2328;243.47;2:44;2337-2328
2337;2329;248.05;2:51;2337-2329
2337;2330;262.74;3:06;2337-2330
2337;2331;228.88;2:28;2337-2331
2337;2332;223.93;2:24;2337-2332
2337;2333;244.66;2:39;2337-2333
2337;2334;216.53;2:27;2337-2334
2337;2335;228.24;2:26;2337-2335
2337;2336;4.87;0:09;2337-2336
2337;2337;0.00;0:00;2337-2337
2337;2338;3.87;0:07;2337-2338
2337;2339;333.02;3:34;2337-2339
2337;2340;337.71;3:40;2337-2340
2337;2341;317.99;3:26;2337-2341
2337;2342;311.67;3:16;2337-2342
2337;2343;342.19;3:39;2337-2343
2337;2344;200.37;2:19;2337-2344
2337;2345;203.07;2:23;2337-2345
2337;2346;197.18;2:16;2337-2346
2337;2347;99.54;1:10;2337-2347
2337;2348;114.59;1:21;2337-2348
2337;2349;104.56;1:15;2337-2349
2337;2350;151.97;1:49;2337-2350
2337;2351;151.88;1:47;2337-2351
2338;3423909;162.87;1:47;2338-3423909
2338;3403208;43.42;0:30;2338-3403208
2338;3424402;276.05;2:52;2338-3424402
2338;2301;149.41;1:39;2338-2301
2338;2302;139.49;1:34;2338-2302
2338;2303;143.61;1:40;2338-2303
2338;2304;135.27;1:28;2338-2304
2338;2305;136.70;1:30;2338-2305
2338;2306;150.19;1:38;2338-2306
2338;2307;140.31;1:32;2338-2307
2338;2308;152.97;1:40;2338-2308
2338;2309;107.34;1:12;2338-2309
2338;2310;226.93;2:29;2338-2310
2338;2311;94.69;1:02;2338-2311
2338;2312;275.73;2:54;2338-2312
2338;2313;287.91;3:00;2338-2313
2338;2314;284.47;2:56;2338-2314
2338;2315;288.27;3:03;2338-2315
2338;2316;286.76;3:02;2338-2316
2338;2317;288.58;3:00;2338-2317
2338;2318;296.81;3:06;2338-2318
2338;2319;221.02;2:16;2338-2319
2338;2320;223.21;2:19;2338-2320
2338;2321;223.14;2:21;2338-2321
2338;2322;221.92;2:21;2338-2322
2338;2323;231.52;2:30;2338-2323
2338;2324;232.17;2:32;2338-2324
2338;2325;242.27;2:32;2338-2325
2338;2326;227.48;2:20;2338-2326
2338;2327;243.06;2:33;2338-2327
2338;2328;241.42;2:41;2338-2328
2338;2329;245.78;2:48;2338-2329
2338;2330;260.13;3:02;2338-2330
2338;2331;226.61;2:25;2338-2331
2338;2332;220.66;2:20;2338-2332
2338;2333;241.39;2:36;2338-2333
2338;2334;214.03;2:24;2338-2334
2338;2335;226.97;2:23;2338-2335
2338;2336;5.68;0:10;2338-2336
2338;2337;3.14;0:06;2338-2337
2338;2338;0.00;0:00;2338-2338
2338;2339;331.75;3:31;2338-2339
2338;2340;335.44;3:36;2338-2340
2338;2341;315.72;3:22;2338-2341
2338;2342;309.14;3:12;2338-2342
2338;2343;340.92;3:36;2338-2343
2338;2344;198.61;2:16;2338-2344
2338;2345;201.28;2:20;2338-2345
2338;2346;195.91;2:12;2338-2346
2338;2347;102.72;1:06;2338-2347
2338;2348;116.77;1:17;2338-2348
2338;2349;106.74;1:12;2338-2349
2338;2350;148.97;1:46;2338-2350
2338;2351;148.61;1:44;2338-2351
2339;3423909;226.65;2:34;2339-3423909
2339;3403208;371.28;3:52;2339-3403208
2339;3424402;56.52;0:45;2339-3424402
2339;2301;195.26;2:08;2339-2301
2339;2302;191.12;2:09;2339-2302
2339;2303;191.49;2:10;2339-2303
2339;2304;196.69;2:05;2339-2304
2339;2305;198.42;2:08;2339-2305
2339;2306;189.99;2:08;2339-2306
2339;2307;196.31;2:14;2339-2307
2339;2308;188.81;2:02;2339-2308
2339;2309;226.19;2:26;2339-2309
2339;2310;138.43;1:49;2339-2310
2339;2311;259.92;2:44;2339-2311
2339;2312;59.41;0:51;2339-2312
2339;2313;44.61;0:36;2339-2313
2339;2314;48.37;0:38;2339-2314
2339;2315;47.08;0:42;2339-2315
2339;2316;48.45;0:42;2339-2316
2339;2317;45.57;0:35;2339-2317
2339;2318;34.34;0:32;2339-2318
2339;2319;133.24;1:37;2339-2319
2339;2320;145.89;1:47;2339-2320
2339;2321;145.82;1:49;2339-2321
2339;2322;139.95;1:47;2339-2322
2339;2323;153.22;1:58;2339-2323
2339;2324;154.85;2:00;2339-2324
2339;2325;156.48;2:04;2339-2325
2339;2326;158.62;1:55;2339-2326
2339;2327;158.86;2:03;2339-2327
2339;2328;147.39;2:03;2339-2328
2339;2329;167.74;1:53;2339-2329
2339;2330;149.38;1:37;2339-2330
2339;2331;150.65;1:55;2339-2331
2339;2332;142.55;1:45;2339-2332
2339;2333;126.67;1:34;2339-2333
2339;2334;157.31;1:59;2339-2334
2339;2335;158.09;1:58;2339-2335
2339;2336;333.83;3:32;2339-2336
2339;2337;331.05;3:30;2339-2337
2339;2338;328.98;3:26;2339-2338
2339;2339;0.00;0:00;2339-2339
2339;2340;2.66;0:08;2339-2340
2339;2341;24.21;0:28;2339-2341
2339;2342;22.08;0:23;2339-2342
2339;2343;10.85;0:17;2339-2343
2339;2344;228.92;2:44;2339-2344
2339;2345;231.62;2:48;2339-2345
2339;2346;225.73;2:40;2339-2346
2339;2347;408.35;4:08;2339-2347
2339;2348;423.04;4:20;2339-2348
2339;2349;412.75;4:14;2339-2349
2339;2350;455.78;4:42;2339-2350
2339;2351;453.37;4:41;2339-2351
2340;3423909;234.06;2:39;2340-3423909
2340;3403208;380.69;3:57;2340-3403208
2340;3424402;65.93;0:49;2340-3424402
2340;2301;204.67;2:12;2340-2301
2340;2302;200.53;2:14;2340-2302
2340;2303;200.39;2:14;2340-2303
2340;2304;205.01;2:10;2340-2304
2340;2305;206.83;2:12;2340-2305
2340;2306;197.64;2:12;2340-2306
2340;2307;205.72;2:18;2340-2307
2340;2308;196.22;2:06;2340-2308
2340;2309;234.76;2:31;2340-2309
2340;2310;147.84;1:54;2340-2310
2340;2311;267.33;2:48;2340-2311
2340;2312;68.82;0:56;2340-2312
2340;2313;53.51;0:40;2340-2313
2340;2314;56.78;0:43;2340-2314
2340;2315;55.49;0:46;2340-2315
2340;2316;56.86;0:47;2340-2316
2340;2317;53.98;0:39;2340-2317
2340;2318;43.75;0:37;2340-2318
2340;2319;142.65;1:42;2340-2319
2340;2320;154.23;1:51;2340-2320
2340;2321;153.23;1:53;2340-2321
2340;2322;148.36;1:52;2340-2322
2340;2323;161.61;2:02;2340-2323
2340;2324;162.26;2:04;2340-2324
2340;2325;164.89;2:08;2340-2325
2340;2326;166.03;1:59;2340-2326
2340;2327;167.01;2:07;2340-2327
2340;2328;156.18;2:08;2340-2328
2340;2329;176.15;1:57;2340-2329
2340;2330;157.79;1:41;2340-2330
2340;2331;159.91;2:00;2340-2331
2340;2332;150.96;1:50;2340-2332
2340;2333;134.08;1:38;2340-2333
2340;2334;166.72;2:03;2340-2334
2340;2335;167.05;2:02;2340-2335
2340;2336;342.24;3:36;2340-2336
2340;2337;340.46;3:34;2340-2337
2340;2338;337.21;3:30;2340-2338
2340;2339;3.17;0:10;2340-2339
2340;2340;0.00;0:00;2340-2340
2340;2341;32.62;0:32;2340-2341
2340;2342;30.49;0:27;2340-2342
2340;2343;7.84;0:10;2340-2343
2340;2344;237.33;2:48;2340-2344
2340;2345;239.03;2:53;2340-2345
2340;2346;233.14;2:45;2340-2346
2340;2347;416.76;4:13;2340-2347
2340;2348;431.81;4:24;2340-2348
2340;2349;421.91;4:18;2340-2349
2340;2350;463.19;4:47;2340-2350
2340;2351;462.78;4:45;2340-2351
2341;3423909;210.77;2:27;2341-3423909
2341;3403208;356.24;3:45;2341-3403208
2341;3424402;41.64;0:38;2341-3424402
2341;2301;180.38;2:00;2341-2301
2341;2302;176.24;2:02;2341-2302
2341;2303;176.61;2:02;2341-2303
2341;2304;181.81;1:58;2341-2304
2341;2305;182.54;2:01;2341-2305
2341;2306;173.11;2:00;2341-2306
2341;2307;181.43;2:07;2341-2307
2341;2308;172.93;1:55;2341-2308
2341;2309;210.31;2:19;2341-2309
2341;2310;123.55;1:42;2341-2310
2341;2311;243.04;2:36;2341-2311
2341;2312;44.53;0:44;2341-2312
2341;2313;29.22;0:28;2341-2313
2341;2314;32.49;0:31;2341-2314
2341;2315;31.52;0:34;2341-2315
2341;2316;32.57;0:35;2341-2316
2341;2317;29.69;0:28;2341-2317
2341;2318;19.46;0:25;2341-2318
2341;2319;118.36;1:30;2341-2319
2341;2320;130.01;1:40;2341-2320
2341;2321;129.94;1:42;2341-2321
2341;2322;124.07;1:40;2341-2322
2341;2323;137.32;1:50;2341-2323
2341;2324;138.97;1:52;2341-2324
2341;2325;141.06;1:56;2341-2325
2341;2326;142.74;1:47;2341-2326
2341;2327;143.72;1:56;2341-2327
2341;2328;132.51;1:56;2341-2328
2341;2329;128.75;1:48;2341-2329
2341;2330;130.49;1:31;2341-2330
2341;2331;135.62;1:48;2341-2331
2341;2332;126.67;1:38;2341-2332
2341;2333;110.79;1:26;2341-2333
2341;2334;142.43;1:51;2341-2334
2341;2335;143.21;1:50;2341-2335
2341;2336;318.95;3:24;2341-2336
2341;2337;316.17;3:22;2341-2337
2341;2338;313.92;3:19;2341-2338
2341;2339;25.94;0:31;2341-2339
2341;2340;29.09;0:36;2341-2340
2341;2341;0.00;0:00;2341-2341
2341;2342;6.84;0:14;2341-2342
2341;2343;34.57;0:36;2341-2343
2341;2344;213.04;2:36;2341-2344
2341;2345;215.74;2:41;2341-2345
2341;2346;209.85;2:33;2341-2346
2341;2347;392.47;4:01;2341-2347
2341;2348;407.52;4:12;2341-2348
2341;2349;397.62;4:07;2341-2349
2341;2350;439.99;4:35;2341-2350
2341;2351;438.49;4:34;2341-2351
2342;3423909;214.03;2:19;2342-3423909
2342;3403208;353.99;3:40;2342-3403208
2342;3424402;38.23;0:33;2342-3424402
2342;2301;177.97;1:55;2342-2301
2342;2302;173.83;1:57;2342-2302
2342;2303;174.02;1:57;2342-2303
2342;2304;178.64;1:53;2342-2304
2342;2305;180.13;1:56;2342-2305
2342;2306;171.27;1:55;2342-2306
2342;2307;178.02;2:02;2342-2307
2342;2308;170.52;1:50;2342-2308
2342;2309;208.39;2:14;2342-2309
2342;2310;127.81;1:34;2342-2310
2342;2311;241.63;2:32;2342-2311
2342;2312;41.12;0:39;2342-2312
2342;2313;26.81;0:23;2342-2313
2342;2314;30.08;0:26;2342-2314
2342;2315;29.79;0:30;2342-2315
2342;2316;30.16;0:30;2342-2316
2342;2317;27.28;0:23;2342-2317
2342;2318;16.05;0:20;2342-2318
2342;2319;121.62;1:22;2342-2319
2342;2320;134.27;1:32;2342-2320
2342;2321;133.52;1:34;2342-2321
2342;2322;128.33;1:32;2342-2322
2342;2323;141.58;1:43;2342-2323
2342;2324;142.23;1:45;2342-2324
2342;2325;144.86;1:49;2342-2325
2342;2326;146.70;1:40;2342-2326
2342;2327;147.98;1:48;2342-2327
2342;2328;154.44;1:43;2342-2328
2342;2329;145.54;1:37;2342-2329
2342;2330;127.18;1:21;2342-2330
2342;2331;138.88;1:40;2342-2331
2342;2332;130.93;1:30;2342-2332
2342;2333;116.67;1:20;2342-2333
2342;2334;146.69;1:44;2342-2334
2342;2335;146.47;1:43;2342-2335
2342;2336;315.54;3:20;2342-2336
2342;2337;313.76;3:17;2342-2337
2342;2338;311.51;3:14;2342-2338
2342;2339;24.29;0:25;2342-2339
2342;2340;28.98;0:30;2342-2340
2342;2341;7.47;0:16;2342-2341
2342;2342;0.00;0:00;2342-2342
2342;2343;33.46;0:30;2342-2343
2342;2344;216.93;2:29;2342-2344
2342;2345;219.60;2:33;2342-2345
2342;2346;213.11;2:25;2342-2346
2342;2347;390.06;3:56;2342-2347
2342;2348;405.11;4:07;2342-2348
2342;2349;394.21;4:02;2342-2349
2342;2350;443.16;4:27;2342-2350
2342;2351;442.75;4:26;2342-2351
2343;3423909;236.31;2:39;2343-3423909
2343;3403208;382.94;3:57;2343-3403208
2343;3424402;67.18;0:49;2343-3424402
2343;2301;206.92;2:12;2343-2301
2343;2302;202.78;2:14;2343-2302
2343;2303;202.15;2:14;2343-2303
2343;2304;206.35;2:10;2343-2304
2343;2305;208.08;2:12;2343-2305
2343;2306;199.65;2:12;2343-2306
2343;2307;206.97;2:18;2343-2307
2343;2308;198.47;2:06;2343-2308
2343;2309;236.85;2:31;2343-2309
2343;2310;149.09;1:54;2343-2310
2343;2311;269.58;2:48;2343-2311
2343;2312;70.07;0:56;2343-2312
2343;2313;54.76;0:40;2343-2313
2343;2314;58.03;0:43;2343-2314
2343;2315;57.74;0:46;2343-2315
2343;2316;58.11;0:47;2343-2316
2343;2317;55.23;0:39;2343-2317
2343;2318;45.10;0:37;2343-2318
2343;2319;143.99;1:42;2343-2319
2343;2320;156.55;1:51;2343-2320
2343;2321;155.48;1:53;2343-2321
2343;2322;150.61;1:52;2343-2322
2343;2323;163.86;2:02;2343-2323
2343;2324;164.51;2:04;2343-2324
2343;2325;166.14;2:08;2343-2325
2343;2326;168.28;1:59;2343-2326
2343;2327;169.26;2:07;2343-2327
2343;2328;158.05;2:08;2343-2328
2343;2329;178.34;1:57;2343-2329
2343;2330;159.04;1:41;2343-2330
2343;2331;161.16;2:00;2343-2331
2343;2332;152.21;1:50;2343-2332
2343;2333;136.33;1:38;2343-2333
2343;2334;168.97;2:03;2343-2334
2343;2335;168.75;2:02;2343-2335
2343;2336;343.49;3:36;2343-2336
2343;2337;342.71;3:34;2343-2337
2343;2338;339.46;3:30;2343-2338
2343;2339;10.29;0:17;2343-2339
2343;2340;8.19;0:12;2343-2340
2343;2341;34.87;0:32;2343-2341
2343;2342;32.74;0:27;2343-2342
2343;2343;0.00;0:00;2343-2343
2343;2344;238.58;2:48;2343-2344
2343;2345;241.28;2:53;2343-2345
2343;2346;235.39;2:45;2343-2346
2343;2347;418.01;4:13;2343-2347
2343;2348;433.06;4:24;2343-2348
2343;2349;423.16;4:18;2343-2349
2343;2350;465.44;4:47;2343-2350
2343;2351;464.03;4:45;2343-2351
2344;3423909;41.94;0:38;2344-3423909
2344;3403208;240.87;2:41;2344-3403208
2344;3424402;175.39;2:06;2344-3424402
2344;2301;93.16;1:10;2344-2301
2344;2302;91.81;1:14;2344-2302
2344;2303;91.05;1:14;2344-2303
2344;2304;103.25;1:14;2344-2304
2344;2305;104.23;1:16;2344-2305
2344;2306;94.38;1:10;2344-2306
2344;2307;84.74;1:05;2344-2307
2344;2308;106.20;1:19;2344-2308
2344;2309;118.34;1:25;2344-2309
2344;2310;101.66;1:26;2344-2310
2344;2311;104.39;1:16;2344-2311
2344;2312;174.07;2:08;2344-2312
2344;2313;187.44;2:14;2344-2313
2344;2314;183.81;2:09;2344-2314
2344;2315;187.61;2:17;2344-2315
2344;2316;185.71;2:15;2344-2316
2344;2317;187.92;2:14;2344-2317
2344;2318;195.15;2:19;2344-2318
2344;2319;96.71;1:13;2344-2319
2344;2320;90.14;1:10;2344-2320
2344;2321;91.56;1:12;2344-2321
2344;2322;95.45;1:15;2344-2322
2344;2323;99.03;1:20;2344-2323
2344;2324;100.68;1:22;2344-2324
2344;2325;105.36;1:21;2344-2325
2344;2326;90.57;1:09;2344-2326
2344;2327;106.15;1:22;2344-2327
2344;2328;108.13;1:32;2344-2328
2344;2329;115.18;1:40;2344-2329
2344;2330;161.11;1:53;2344-2330
2344;2331;87.70;1:11;2344-2331
2344;2332;94.93;1:15;2344-2332
2344;2333;116.08;1:33;2344-2333
2344;2334;84.62;1:09;2344-2334
2344;2335;83.85;1:07;2344-2335
2344;2336;202.42;2:20;2344-2336
2344;2337;200.64;2:18;2344-2337
2344;2338;197.39;2:14;2344-2338
2344;2339;230.09;2:45;2344-2339
2344;2340;234.78;2:50;2344-2340
2344;2341;214.06;2:36;2344-2341
2344;2342;208.74;2:26;2344-2342
2344;2343;239.26;2:50;2344-2343
2344;2344;0.00;0:00;2344-2344
2344;2345;7.76;0:14;2344-2345
2344;2346;4.27;0:09;2344-2346
2344;2347;296.77;3:07;2344-2347
2344;2348;311.75;3:18;2344-2348
2344;2349;301.85;3:12;2344-2349
2344;2350;244.84;2:31;2344-2350
2344;2351;243.43;2:30;2344-2351
2345;3423909;51.89;0:44;2345-3423909
2345;3403208;249.82;2:47;2345-3403208
2345;3424402;185.34;2:12;2345-3424402
2345;2301;102.55;1:16;2345-2301
2345;2302;101.76;1:20;2345-2302
2345;2303;101.10;1:20;2345-2303
2345;2304;112.45;1:20;2345-2304
2345;2305;114.18;1:23;2345-2305
2345;2306;103.33;1:16;2345-2306
2345;2307;94.35;1:11;2345-2307
2345;2308;115.95;1:25;2345-2308
2345;2309;128.29;1:32;2345-2309
2345;2310;110.61;1:32;2345-2310
2345;2311;114.34;1:22;2345-2311
2345;2312;183.02;2:14;2345-2312
2345;2313;196.39;2:20;2345-2313
2345;2314;193.76;2:16;2345-2314
2345;2315;196.56;2:23;2345-2315
2345;2316;195.05;2:22;2345-2316
2345;2317;197.87;2:20;2345-2317
2345;2318;205.11;2:26;2345-2318
2345;2319;105.66;1:19;2345-2319
2345;2320;100.09;1:16;2345-2320
2345;2321;100.51;1:18;2345-2321
2345;2322;105.04;1:21;2345-2322
2345;2323;108.98;1:26;2345-2323
2345;2324;109.63;1:28;2345-2324
2345;2325;115.31;1:27;2345-2325
2345;2326;100.52;1:15;2345-2326
2345;2327;116.01;1:28;2345-2327
2345;2328;117.08;1:38;2345-2328
2345;2329;125.13;1:46;2345-2329
2345;2330;170.06;1:59;2345-2330
2345;2331;97.95;1:18;2345-2331
2345;2332;103.88;1:21;2345-2332
2345;2333;126.03;1:39;2345-2333
2345;2334;94.57;1:16;2345-2334
2345;2335;93.45;1:13;2345-2335
2345;2336;211.37;2:26;2345-2336
2345;2337;210.59;2:24;2345-2337
2345;2338;207.34;2:20;2345-2338
2345;2339;240.04;2:51;2345-2339
2345;2340;244.73;2:56;2345-2340
2345;2341;223.01;2:42;2345-2341
2345;2342;217.69;2:32;2345-2342
2345;2343;248.21;2:56;2345-2343
2345;2344;5.03;0:16;2345-2344
2345;2345;0.00;0:00;2345-2345
2345;2346;6.82;0:15;2345-2346
2345;2347;306.65;3:13;2345-2347
2345;2348;320.97;3:24;2345-2348
2345;2349;310.68;3:18;2345-2349
2345;2350;251.15;2:46;2345-2350
2345;2351;249.74;2:45;2345-2351
2346;3423909;38.73;0:34;2346-3423909
2346;3403208;237.23;2:36;2346-3403208
2346;3424402;172.75;2:01;2346-3424402
2346;2301;90.96;1:06;2346-2301
2346;2302;88.17;1:10;2346-2302
2346;2303;88.41;1:10;2346-2303
2346;2304;100.86;1:10;2346-2304
2346;2305;101.59;1:12;2346-2305
2346;2306;91.74;1:06;2346-2306
2346;2307;81.76;1:01;2346-2307
2346;2308;103.36;1:15;2346-2308
2346;2309;115.67;1:21;2346-2309
2346;2310;98.02;1:22;2346-2310
2346;2311;101.75;1:11;2346-2311
2346;2312;171.43;2:03;2346-2312
2346;2313;183.98;2:10;2346-2313
2346;2314;180.17;2:05;2346-2314
2346;2315;184.97;2:12;2346-2315
2346;2316;182.46;2:11;2346-2316
2346;2317;184.28;2:10;2346-2317
2346;2318;192.51;2:15;2346-2318
2346;2319;93.07;1:09;2346-2319
2346;2320;87.55;1:06;2346-2320
2346;2321;88.92;1:08;2346-2321
2346;2322;92.81;1:10;2346-2322
2346;2323;96.39;1:15;2346-2323
2346;2324;97.04;1:18;2346-2324
2346;2325;102.72;1:17;2346-2325
2346;2326;87.93;1:04;2346-2326
2346;2327;103.51;1:18;2346-2327
2346;2328;105.49;1:28;2346-2328
2346;2329;112.54;1:36;2346-2329
2346;2330;158.47;1:49;2346-2330
2346;2331;84.36;1:07;2346-2331
2346;2332;91.29;1:11;2346-2332
2346;2333;113.44;1:29;2346-2333
2346;2334;81.98;1:05;2346-2334
2346;2335;80.86;1:03;2346-2335
2346;2336;199.78;2:16;2346-2336
2346;2337;197.50;2:14;2346-2337
2346;2338;194.75;2:10;2346-2338
2346;2339;227.45;2:41;2346-2339
2346;2340;231.14;2:46;2346-2340
2346;2341;211.42;2:32;2346-2341
2346;2342;205.21;2:22;2346-2342
2346;2343;236.62;2:46;2346-2343
2346;2344;3.66;0:08;2346-2344
2346;2345;5.57;0:12;2346-2345
2346;2346;0.00;0:00;2346-2346
2346;2347;293.06;3:03;2346-2347
2346;2348;308.11;3:14;2346-2348
2346;2349;298.21;3:08;2346-2349
2346;2350;247.27;2:37;2346-2350
2346;2351;245.86;2:35;2346-2351
2347;3423909;263.61;2:43;2347-3423909
2347;3403208;87.04;1:03;2347-3403208
2347;3424402;358.57;3:38;2347-3424402
2347;2301;231.93;2:25;2347-2301
2347;2302;221.01;2:20;2347-2302
2347;2303;225.13;2:26;2347-2303
2347;2304;217.79;2:14;2347-2304
2347;2305;218.52;2:16;2347-2305
2347;2306;232.71;2:25;2347-2306
2347;2307;222.62;2:18;2347-2307
2347;2308;234.49;2:26;2347-2308
2347;2309;189.92;1:58;2347-2309
2347;2310;308.45;3:15;2347-2310
2347;2311;198.43;2:01;2347-2311
2347;2312;356.25;3:40;2347-2312
2347;2313;369.62;3:46;2347-2313
2347;2314;366.99;3:42;2347-2314
2347;2315;369.79;3:49;2347-2315
2347;2316;368.28;3:48;2347-2316
2347;2317;370.31;3:46;2347-2317
2347;2318;378.33;3:52;2347-2318
2347;2319;303.54;3:02;2347-2319
2347;2320;305.73;3:05;2347-2320
2347;2321;304.66;3:07;2347-2321
2347;2322;303.44;3:07;2347-2322
2347;2323;313.04;3:16;2347-2323
2347;2324;314.69;3:18;2347-2324
2347;2325;324.79;3:18;2347-2325
2347;2326;309.50;3:06;2347-2326
2347;2327;325.58;3:19;2347-2327
2347;2328;323.72;3:27;2347-2328
2347;2329;327.53;3:34;2347-2329
2347;2330;342.65;3:49;2347-2330
2347;2331;308.13;3:11;2347-2331
2347;2332;302.18;3:06;2347-2332
2347;2333;323.91;3:22;2347-2333
2347;2334;296.55;3:10;2347-2334
2347;2335;308.49;3:09;2347-2335
2347;2336;108.53;1:18;2347-2336
2347;2337;101.35;1:15;2347-2337
2347;2338;104.45;1:12;2347-2338
2347;2339;413.27;4:17;2347-2339
2347;2340;417.96;4:22;2347-2340
2347;2341;396.24;4:08;2347-2341
2347;2342;390.92;3:58;2347-2342
2347;2343;421.44;4:22;2347-2343
2347;2344;298.84;3:11;2347-2344
2347;2345;301.54;3:16;2347-2345
2347;2346;295.65;3:08;2347-2346
2347;2347;0.00;0:00;2347-2347
2347;2348;16.16;0:18;2347-2348
2347;2349;7.11;0:13;2347-2349
2347;2350;210.49;2:25;2347-2350
2347;2351;210.81;2:23;2347-2351
2348;3423909;272.91;2:50;2348-3423909
2348;3403208;97.75;1:11;2348-3403208
2348;3424402;367.87;3:46;2348-3424402
2348;2301;240.23;2:32;2348-2301
2348;2302;230.31;2:27;2348-2302
2348;2303;234.43;2:33;2348-2303
2348;2304;226.09;2:21;2348-2304
2348;2305;227.82;2:24;2348-2305
2348;2306;242.01;2:32;2348-2306
2348;2307;231.92;2:25;2348-2307
2348;2308;243.79;2:34;2348-2308
2348;2309;198.22;2:05;2348-2309
2348;2310;317.75;3:22;2348-2310
2348;2311;208.73;2:08;2348-2311
2348;2312;366.55;3:48;2348-2312
2348;2313;378.92;3:54;2348-2313
2348;2314;375.29;3:49;2348-2314
2348;2315;379.09;3:57;2348-2315
2348;2316;377.58;3:55;2348-2316
2348;2317;379.54;3:54;2348-2317
2348;2318;387.63;3:59;2348-2318
2348;2319;312.84;3:09;2348-2319
2348;2320;314.03;3:13;2348-2320
2348;2321;314.96;3:14;2348-2321
2348;2322;312.74;3:14;2348-2322
2348;2323;322.34;3:23;2348-2323
2348;2324;323.99;3:26;2348-2324
2348;2325;333.09;3:25;2348-2325
2348;2326;318.73;3:13;2348-2326
2348;2327;334.88;3:26;2348-2327
2348;2328;332.02;3:34;2348-2328
2348;2329;336.76;3:42;2348-2329
2348;2330;351.95;3:56;2348-2330
2348;2331;317.43;3:18;2348-2331
2348;2332;311.48;3:14;2348-2332
2348;2333;333.21;3:30;2348-2333
2348;2334;305.85;3:17;2348-2334
2348;2335;317.79;3:16;2348-2335
2348;2336;118.24;1:26;2348-2336
2348;2337;111.06;1:23;2348-2337
2348;2338;114.16;1:20;2348-2338
2348;2339;422.57;4:25;2348-2339
2348;2340;426.26;4:30;2348-2340
2348;2341;406.54;4:16;2348-2341
2348;2342;400.22;4:06;2348-2342
2348;2343;431.74;4:30;2348-2343
2348;2344;308.14;3:19;2348-2344
2348;2345;310.84;3:23;2348-2345
2348;2346;304.95;3:15;2348-2346
2348;2347;12.69;0:20;2348-2347
2348;2348;0.00;0:00;2348-2348
2348;2349;6.45;0:12;2348-2349
2348;2350;219.61;2:33;2348-2350
2348;2351;219.52;2:31;2348-2351
2349;3423909;265.83;2:45;2349-3423909
2349;3403208;89.56;1:05;2349-3403208
2349;3424402;360.79;3:40;2349-3424402
2349;2301;233.15;2:27;2349-2301
2349;2302;223.23;2:22;2349-2302
2349;2303;227.35;2:28;2349-2303
2349;2304;219.01;2:15;2349-2304
2349;2305;220.74;2:18;2349-2305
2349;2306;234.93;2:26;2349-2306
2349;2307;224.84;2:19;2349-2307
2349;2308;236.71;2:28;2349-2308
2349;2309;191.14;2:00;2349-2309
2349;2310;310.67;3:17;2349-2310
2349;2311;200.65;2:02;2349-2311
2349;2312;358.47;3:42;2349-2312
2349;2313;371.84;3:48;2349-2313
2349;2314;368.21;3:44;2349-2314
2349;2315;372.01;3:51;2349-2315
2349;2316;370.45;3:50;2349-2316
2349;2317;372.32;3:48;2349-2317
2349;2318;380.55;3:54;2349-2318
2349;2319;305.76;3:04;2349-2319
2349;2320;307.95;3:07;2349-2320
2349;2321;306.88;3:09;2349-2321
2349;2322;305.66;3:08;2349-2322
2349;2323;315.26;3:17;2349-2323
2349;2324;316.91;3:20;2349-2324
2349;2325;326.01;3:20;2349-2325
2349;2326;311.22;3:08;2349-2326
2349;2327;327.28;3:21;2349-2327
2349;2328;325.94;3:29;2349-2328
2349;2329;329.52;3:36;2349-2329
2349;2330;344.87;3:50;2349-2330
2349;2331;310.35;3:13;2349-2331
2349;2332;304.64;3:08;2349-2332
2349;2333;325.13;3:24;2349-2333
2349;2334;298.77;3:11;2349-2334
2349;2335;310.71;3:10;2349-2335
2349;2336;110.05;1:20;2349-2336
2349;2337;103.87;1:17;2349-2337
2349;2338;106.97;1:14;2349-2338
2349;2339;415.49;4:19;2349-2339
2349;2340;419.18;4:24;2349-2340
2349;2341;398.46;4:10;2349-2341
2349;2342;393.14;4:00;2349-2342
2349;2343;423.66;4:24;2349-2343
2349;2344;300.06;3:13;2349-2344
2349;2345;303.76;3:18;2349-2345
2349;2346;297.87;3:10;2349-2346
2349;2347;8.38;0:12;2349-2347
2349;2348;8.68;0:15;2349-2348
2349;2349;0.00;0:00;2349-2349
2349;2350;212.42;2:27;2349-2350
2349;2351;212.33;2:25;2349-2351
2350;3423909;251.35;2:37;2350-3423909
2350;3403208;131.05;1:33;2350-3403208
2350;3424402;401.38;4:02;2350-3424402
2350;2301;277.47;2:56;2350-2301
2350;2302;266.55;2:51;2350-2302
2350;2303;270.67;2:57;2350-2303
2350;2304;262.33;2:45;2350-2304
2350;2305;263.06;2:48;2350-2305
2350;2306;278.25;2:56;2350-2306
2350;2307;267.16;2:49;2350-2307
2350;2308;279.03;2:57;2350-2308
2350;2309;234.46;2:29;2350-2309
2350;2310;326.65;3:23;2350-2310
2350;2311;195.12;2:21;2350-2311
2350;2312;399.06;4:04;2350-2312
2350;2313;412.43;4:10;2350-2313
2350;2314;409.38;4:06;2350-2314
2350;2315;412.86;4:13;2350-2315
2350;2316;411.09;4:12;2350-2316
2350;2317;413.91;4:10;2350-2317
2350;2318;421.14;4:16;2350-2318
2350;2319;321.77;3:10;2350-2319
2350;2320;316.13;3:07;2350-2320
2350;2321;317.55;3:08;2350-2321
2350;2322;321.44;3:11;2350-2322
2350;2323;324.02;3:16;2350-2323
2350;2324;325.67;3:18;2350-2324
2350;2325;331.35;3:17;2350-2325
2350;2326;316.56;3:05;2350-2326
2350;2327;332.14;3:18;2350-2327
2350;2328;333.12;3:28;2350-2328
2350;2329;341.17;3:37;2350-2329
2350;2330;386.91;3:50;2350-2330
2350;2331;313.99;3:08;2350-2331
2350;2332;319.92;3:12;2350-2332
2350;2333;342.07;3:30;2350-2333
2350;2334;310.61;3:06;2350-2334
2350;2335;309.49;3:04;2350-2335
2350;2336;152.43;1:45;2350-2336
2350;2337;156.28;1:48;2350-2337
2350;2338;153.03;1:45;2350-2338
2350;2339;456.08;4:41;2350-2339
2350;2340;460.77;4:46;2350-2340
2350;2341;439.05;4:32;2350-2341
2350;2342;433.73;4:23;2350-2342
2350;2343;464.25;4:46;2350-2343
2350;2344;241.28;2:26;2350-2344
2350;2345;248.12;2:40;2350-2345
2350;2346;245.63;2:35;2350-2346
2350;2347;214.06;2:22;2350-2347
2350;2348;229.11;2:33;2350-2348
2350;2349;218.08;2:27;2350-2349
2350;2350;0.00;0:00;2350-2350
2350;2351;1.57;0:06;2350-2351
2351;3423909;252.25;2:39;2351-3423909
2351;3403208;132.95;1:35;2351-3403208
2351;3424402;402.28;4:04;2351-3424402
2351;2301;278.37;2:58;2351-2301
2351;2302;268.45;2:52;2351-2302
2351;2303;272.57;2:58;2351-2303
2351;2304;263.23;2:46;2351-2304
2351;2305;265.96;2:49;2351-2305
2351;2306;279.15;2:57;2351-2306
2351;2307;268.06;2:50;2351-2307
2351;2308;281.93;2:59;2351-2308
2351;2309;235.36;2:31;2351-2309
2351;2310;328.55;3:24;2351-2310
2351;2311;197.02;2:23;2351-2311
2351;2312;401.96;4:06;2351-2312
2351;2313;414.33;4:12;2351-2313
2351;2314;410.77;4:08;2351-2314
2351;2315;414.25;4:15;2351-2315
2351;2316;412.99;4:13;2351-2316
2351;2317;414.81;4:12;2351-2317
2351;2318;422.04;4:17;2351-2318
2351;2319;323.16;3:11;2351-2319
2351;2320;317.03;3:08;2351-2320
2351;2321;318.45;3:10;2351-2321
2351;2322;322.34;3:13;2351-2322
2351;2323;326.92;3:18;2351-2323
2351;2324;327.57;3:20;2351-2324
2351;2325;332.25;3:19;2351-2325
2351;2326;317.46;3:07;2351-2326
2351;2327;333.04;3:20;2351-2327
2351;2328;335.02;3:30;2351-2328
2351;2329;342.07;3:38;2351-2329
2351;2330;388.30;3:51;2351-2330
2351;2331;314.89;3:09;2351-2331
2351;2332;321.82;3:13;2351-2332
2351;2333;343.97;3:31;2351-2333
2351;2334;311.51;3:08;2351-2334
2351;2335;310.39;3:05;2351-2335
2351;2336;153.82;1:46;2351-2336
2351;2337;158.18;1:50;2351-2337
2351;2338;155.93;1:46;2351-2338
2351;2339;457.98;4:43;2351-2339
2351;2340;461.67;4:48;2351-2340
2351;2341;441.95;4:34;2351-2341
2351;2342;435.63;4:24;2351-2342
2351;2343;466.15;4:48;2351-2343
2351;2344;243.18;2:28;2351-2344
2351;2345;250.02;2:41;2351-2345
2351;2346;247.53;2:36;2351-2346
2351;2347;215.96;2:23;2351-2347
2351;2348;230.01;2:34;2351-2348
2351;2349;220.98;2:29;2351-2349
2351;2350;1.19;0:04;2351-2350
2351;2351;0.00;0:00;2351-2351
